"","HLTH_SERVICE_DLVR_AREA_NAME","month","year","date","average_mo"
"1","Central Vancouver Island",1,2018,2018-01-01,1.18232661290323
"2","Central Vancouver Island",1,2019,2019-01-01,1.89828870967742
"3","Central Vancouver Island",1,2020,2020-01-01,0.60254435483871
"4","Central Vancouver Island",1,2021,2021-01-01,1.0088832437276
"5","Central Vancouver Island",1,2022,2022-01-01,1.6632828042328
"6","Central Vancouver Island",1,2023,2023-01-01,1.07419532407407
"7","Central Vancouver Island",2,2018,2018-02-01,1.01873348214286
"8","Central Vancouver Island",2,2019,2019-02-01,1.11111428571429
"9","Central Vancouver Island",2,2020,2020-02-01,0.909171384216542
"10","Central Vancouver Island",2,2021,2021-02-01,0.56180441468254
"11","Central Vancouver Island",2,2022,2022-02-01,0.964086046511628
"12","Central Vancouver Island",2,2023,2023-02-01,0.844662797619048
"13","Central Vancouver Island",3,2018,2018-03-01,1.28601863799283
"14","Central Vancouver Island",3,2019,2019-03-01,2.16707724229273
"15","Central Vancouver Island",3,2020,2020-03-01,0.726324775985663
"16","Central Vancouver Island",3,2021,2021-03-01,0.851905869175627
"17","Central Vancouver Island",3,2022,2022-03-01,0.998211574074074
"18","Central Vancouver Island",3,2023,2023-03-01,0.882967562724014
"19","Central Vancouver Island",4,2018,2018-04-01,1.1207728132912
"20","Central Vancouver Island",4,2019,2019-04-01,0.776783842796043
"21","Central Vancouver Island",4,2020,2020-04-01,0.780975601851852
"22","Central Vancouver Island",4,2021,2021-04-01,0.827741944444444
"23","Central Vancouver Island",4,2022,2022-04-01,0.526125308641975
"24","Central Vancouver Island",4,2023,2023-04-01,0.588271810699588
"25","Central Vancouver Island",5,2018,2018-05-01,2.01526523297491
"26","Central Vancouver Island",5,2019,2019-05-01,1.45407768817204
"27","Central Vancouver Island",5,2020,2020-05-01,1.04213225806452
"28","Central Vancouver Island",5,2021,2021-05-01,0.77559502688172
"29","Central Vancouver Island",5,2022,2022-05-01,0.605865777777778
"30","Central Vancouver Island",5,2023,2023-05-01,1.23395629960317
"31","Central Vancouver Island",6,2018,2018-06-01,0.801579398148148
"32","Central Vancouver Island",6,2019,2019-06-01,1.015775
"33","Central Vancouver Island",6,2020,2020-06-01,0.750370231481482
"34","Central Vancouver Island",6,2021,2021-06-01,0.748506388888889
"35","Central Vancouver Island",6,2022,2022-06-01,0.591997048611111
"36","Central Vancouver Island",6,2023,2023-06-01,0.753445987654321
"37","Central Vancouver Island",7,2018,2018-07-01,1.62782674256964
"38","Central Vancouver Island",7,2019,2019-07-01,0.524883264059923
"39","Central Vancouver Island",7,2020,2020-07-01,0.639917965949821
"40","Central Vancouver Island",7,2021,2021-07-01,0.901482840501792
"41","Central Vancouver Island",7,2022,2022-07-01,0.755949782135076
"42","Central Vancouver Island",7,2023,2023-07-01,0.517572839506173
"43","Central Vancouver Island",8,2018,2018-08-01,2.10630591397849
"44","Central Vancouver Island",8,2019,2019-08-01,0.765909111706587
"45","Central Vancouver Island",8,2020,2020-08-01,0.67175017921147
"46","Central Vancouver Island",8,2021,2021-08-01,0.876472177419355
"47","Central Vancouver Island",8,2022,2022-08-01,1.41406938997821
"48","Central Vancouver Island",8,2023,2023-08-01,0.858264546204614
"49","Central Vancouver Island",9,2018,2018-09-01,0.923960046296296
"50","Central Vancouver Island",9,2019,2019-09-01,0.694283796296296
"51","Central Vancouver Island",9,2020,2020-09-01,1.03665296296296
"52","Central Vancouver Island",9,2021,2021-09-01,0.792527037037037
"53","Central Vancouver Island",9,2022,2022-09-01,0.88211365248227
"54","Central Vancouver Island",9,2023,2023-09-01,0.654523036398467
"55","Central Vancouver Island",10,2018,2018-10-01,1.99258767921147
"56","Central Vancouver Island",10,2019,2019-10-01,0.898039023297491
"57","Central Vancouver Island",10,2020,2020-10-01,0.942130062724014
"58","Central Vancouver Island",10,2021,2021-10-01,0.621316218637993
"59","Central Vancouver Island",10,2022,2022-10-01,1.53081105442177
"60","Central Vancouver Island",11,2018,2018-11-01,0.977555833333333
"61","Central Vancouver Island",11,2019,2019-11-01,1.10057865740741
"62","Central Vancouver Island",11,2020,2020-11-01,0.736566527777778
"63","Central Vancouver Island",11,2021,2021-11-01,0.646867268518519
"64","Central Vancouver Island",11,2022,2022-11-01,1.11838755787037
"65","Central Vancouver Island",12,2018,2018-12-01,0.880719489247312
"66","Central Vancouver Island",12,2019,2019-12-01,1.10252365591398
"67","Central Vancouver Island",12,2020,2020-12-01,1.17978924731183
"68","Central Vancouver Island",12,2021,2021-12-01,0.520221998207885
"69","Central Vancouver Island",12,2022,2022-12-01,0.55481045751634
"70","East Kootenay",1,2018,2018-01-01,0.458600960602324
"71","East Kootenay",1,2019,2019-01-01,0.476076199130265
"72","East Kootenay",1,2020,2020-01-01,0.359107068215746
"73","East Kootenay",1,2021,2021-01-01,0.480315363146622
"74","East Kootenay",1,2022,2022-01-01,0.600296196224969
"75","East Kootenay",1,2023,2023-01-01,0.447657531857814
"76","East Kootenay",2,2018,2018-02-01,0.35355067548146
"77","East Kootenay",2,2019,2019-02-01,0.300878564242598
"78","East Kootenay",2,2020,2020-02-01,0.453982011389542
"79","East Kootenay",2,2021,2021-02-01,0.35318811440069
"80","East Kootenay",2,2022,2022-02-01,0.511299817509709
"81","East Kootenay",2,2023,2023-02-01,0.429411626904283
"82","East Kootenay",3,2018,2018-03-01,0.439214577789317
"83","East Kootenay",3,2019,2019-03-01,0.867843214920607
"84","East Kootenay",3,2020,2020-03-01,0.533649211397417
"85","East Kootenay",3,2021,2021-03-01,0.500867501784903
"86","East Kootenay",3,2022,2022-03-01,0.727619450033535
"87","East Kootenay",3,2023,2023-03-01,0.466874563510093
"88","East Kootenay",4,2018,2018-04-01,0.497638854911287
"89","East Kootenay",4,2019,2019-04-01,0.524860674247716
"90","East Kootenay",4,2020,2020-04-01,0.606740013413816
"91","East Kootenay",4,2021,2021-04-01,0.712501448692153
"92","East Kootenay",4,2022,2022-04-01,0.452487261345853
"93","East Kootenay",4,2023,2023-04-01,0.531837409643043
"94","East Kootenay",5,2018,2018-05-01,1.59120456935159
"95","East Kootenay",5,2019,2019-05-01,0.783512663075226
"96","East Kootenay",5,2020,2020-05-01,0.600824767962614
"97","East Kootenay",5,2021,2021-05-01,0.653714610242098
"98","East Kootenay",5,2022,2022-05-01,0.667321690140845
"99","East Kootenay",5,2023,2023-05-01,1.32533769761426
"100","East Kootenay",6,2018,2018-06-01,0.736084158283032
"101","East Kootenay",6,2019,2019-06-01,0.703931844399732
"102","East Kootenay",6,2020,2020-06-01,0.759371777330651
"103","East Kootenay",6,2021,2021-06-01,0.802814989939638
"104","East Kootenay",6,2022,2022-06-01,0.619088648558015
"105","East Kootenay",6,2023,2023-06-01,0.921077695804456
"106","East Kootenay",7,2018,2018-07-01,0.946411364548825
"107","East Kootenay",7,2019,2019-07-01,0.711925737358496
"108","East Kootenay",7,2020,2020-07-01,0.603986071266308
"109","East Kootenay",7,2021,2021-07-01,1.83152429415201
"110","East Kootenay",7,2022,2022-07-01,1.01394221012349
"111","East Kootenay",7,2023,2023-07-01,0.921220806319398
"112","East Kootenay",8,2018,2018-08-01,1.76781694035179
"113","East Kootenay",8,2019,2019-08-01,1.036451259035
"114","East Kootenay",8,2020,2020-08-01,1.26096876744337
"115","East Kootenay",8,2021,2021-08-01,1.2594945414422
"116","East Kootenay",8,2022,2022-08-01,2.0601932062966
"117","East Kootenay",8,2023,2023-08-01,1.09196778890154
"118","East Kootenay",9,2018,2018-09-01,0.726568356807512
"119","East Kootenay",9,2019,2019-09-01,0.86419733065057
"120","East Kootenay",9,2020,2020-09-01,0.989304533869886
"121","East Kootenay",9,2021,2021-09-01,0.698233494299128
"122","East Kootenay",9,2022,2022-09-01,1.19660574510895
"123","East Kootenay",9,2023,2023-09-01,1.0252195240408
"124","East Kootenay",10,2018,2018-10-01,1.14233534107873
"125","East Kootenay",10,2019,2019-10-01,0.36570630233011
"126","East Kootenay",10,2020,2020-10-01,0.68209421691439
"127","East Kootenay",10,2021,2021-10-01,0.589447394041669
"128","East Kootenay",10,2022,2022-10-01,1.25651739005461
"129","East Kootenay",11,2018,2018-11-01,0.312390905432596
"130","East Kootenay",11,2019,2019-11-01,0.538394714956405
"131","East Kootenay",11,2020,2020-11-01,0.379877598926895
"132","East Kootenay",11,2021,2021-11-01,0.386846237424547
"133","East Kootenay",11,2022,2022-11-01,0.477710764587525
"134","East Kootenay",12,2018,2018-12-01,0.309715220354384
"135","East Kootenay",12,2019,2019-12-01,0.392535068475368
"136","East Kootenay",12,2020,2020-12-01,0.528070552346336
"137","East Kootenay",12,2021,2021-12-01,0.281886976698903
"138","East Kootenay",12,2022,2022-12-01,0.298632516668639
"139","Fraser East",1,2018,2018-01-01,0.661931669413704
"140","Fraser East",1,2019,2019-01-01,0.846706333882741
"141","Fraser East",1,2020,2020-01-01,0.543980409700965
"142","Fraser East",1,2021,2021-01-01,0.785018742641865
"143","Fraser East",1,2022,2022-01-01,1.13491901286062
"144","Fraser East",1,2023,2023-01-01,0.620354306569343
"145","Fraser East",2,2018,2018-02-01,0.639254066736184
"146","Fraser East",2,2019,2019-02-01,0.518310297184567
"147","Fraser East",2,2020,2020-02-01,1.05997887715499
"148","Fraser East",2,2021,2021-02-01,0.455774087591241
"149","Fraser East",2,2022,2022-02-01,0.883206654218299
"150","Fraser East",2,2023,2023-02-01,0.576606882168926
"151","Fraser East",3,2018,2018-03-01,0.976337744290087
"152","Fraser East",3,2019,2019-03-01,1.57778438622439
"153","Fraser East",3,2020,2020-03-01,1.16895163644926
"154","Fraser East",3,2021,2021-03-01,1.21064148810925
"155","Fraser East",3,2022,2022-03-01,1.18318236009732
"156","Fraser East",3,2023,2023-03-01,0.825284812809042
"157","Fraser East",4,2018,2018-04-01,1.02135799104194
"158","Fraser East",4,2019,2019-04-01,1.0228095500818
"159","Fraser East",4,2020,2020-04-01,1.62476501216545
"160","Fraser East",4,2021,2021-04-01,1.47614418491484
"161","Fraser East",4,2022,2022-04-01,0.990399675587997
"162","Fraser East",4,2023,2023-04-01,1.18741324682347
"163","Fraser East",5,2018,2018-05-01,3.50573496585825
"164","Fraser East",5,2019,2019-05-01,2.20960529785731
"165","Fraser East",5,2020,2020-05-01,1.30702599481987
"166","Fraser East",5,2021,2021-05-01,1.65542255709913
"167","Fraser East",5,2022,2022-05-01,1.15318037956204
"168","Fraser East",5,2023,2023-05-01,2.34021235662148
"169","Fraser East",6,2018,2018-06-01,2.03198287104623
"170","Fraser East",6,2019,2019-06-01,1.70393294403893
"171","Fraser East",6,2020,2020-06-01,1.45022272506083
"172","Fraser East",6,2021,2021-06-01,1.47597228710462
"173","Fraser East",6,2022,2022-06-01,0.840176155717762
"174","Fraser East",6,2023,2023-06-01,1.62578945660989
"175","Fraser East",7,2018,2018-07-01,2.59119000389135
"176","Fraser East",7,2019,2019-07-01,1.3014086669587
"177","Fraser East",7,2020,2020-07-01,1.26864374852837
"178","Fraser East",7,2021,2021-07-01,2.34675653402402
"179","Fraser East",7,2022,2022-07-01,2.0486837841706
"180","Fraser East",7,2023,2023-07-01,1.65584893214382
"181","Fraser East",8,2018,2018-08-01,3.82761982575936
"182","Fraser East",8,2019,2019-08-01,1.83481221128014
"183","Fraser East",8,2020,2020-08-01,1.84265227219214
"184","Fraser East",8,2021,2021-08-01,2.24520324935248
"185","Fraser East",8,2022,2022-08-01,3.21000183197367
"186","Fraser East",8,2023,2023-08-01,1.74557618820245
"187","Fraser East",9,2018,2018-09-01,1.42187226277372
"188","Fraser East",9,2019,2019-09-01,1.40282126520681
"189","Fraser East",9,2020,2020-09-01,2.03365858880779
"190","Fraser East",9,2021,2021-09-01,1.28526194647202
"191","Fraser East",9,2022,2022-09-01,2.2542513433763
"192","Fraser East",9,2023,2023-09-01,1.61114135414045
"193","Fraser East",10,2018,2018-10-01,1.42256298563692
"194","Fraser East",10,2019,2019-10-01,0.853627407581823
"195","Fraser East",10,2020,2020-10-01,1.15214009889334
"196","Fraser East",10,2021,2021-10-01,0.836658676712974
"197","Fraser East",10,2022,2022-10-01,2.13720905705348
"198","Fraser East",11,2018,2018-11-01,0.552427639902676
"199","Fraser East",11,2019,2019-11-01,1.13906189781022
"200","Fraser East",11,2020,2020-11-01,0.589580875912409
"201","Fraser East",11,2021,2021-11-01,0.657434793187348
"202","Fraser East",11,2022,2022-11-01,0.650936131386861
"203","Fraser East",12,2018,2018-12-01,0.573260560395573
"204","Fraser East",12,2019,2019-12-01,0.694342359312456
"205","Fraser East",12,2020,2020-12-01,0.714515140098893
"206","Fraser East",12,2021,2021-12-01,0.471260901813044
"207","Fraser East",12,2022,2022-12-01,0.470979418920853
"208","Fraser North",1,2018,2018-01-01,2.03298360215054
"209","Fraser North",1,2019,2019-01-01,2.4109435483871
"210","Fraser North",1,2020,2020-01-01,1.44668924731183
"211","Fraser North",1,2021,2021-01-01,2.12513655913979
"212","Fraser North",1,2022,2022-01-01,3.53905833333333
"213","Fraser North",1,2023,2023-01-01,2.090645
"214","Fraser North",2,2018,2018-02-01,1.97171369047619
"215","Fraser North",2,2019,2019-02-01,1.4283443452381
"216","Fraser North",2,2020,2020-02-01,2.65153996659202
"217","Fraser North",2,2021,2021-02-01,1.72482023809524
"218","Fraser North",2,2022,2022-02-01,2.94771395348837
"219","Fraser North",2,2023,2023-02-01,1.95114464285714
"220","Fraser North",3,2018,2018-03-01,2.17439086021505
"221","Fraser North",3,2019,2019-03-01,2.18276250214936
"222","Fraser North",3,2020,2020-03-01,2.27872338709677
"223","Fraser North",3,2021,2021-03-01,2.29128279569892
"224","Fraser North",3,2022,2022-03-01,2.75314201388889
"225","Fraser North",3,2023,2023-03-01,1.95254247311828
"226","Fraser North",4,2018,2018-04-01,2.00538207255046
"227","Fraser North",4,2019,2019-04-01,1.75513861131456
"228","Fraser North",4,2020,2020-04-01,2.74852777777778
"229","Fraser North",4,2021,2021-04-01,2.39960027777778
"230","Fraser North",4,2022,2022-04-01,2.10863777777778
"231","Fraser North",4,2023,2023-04-01,2.49879969135803
"232","Fraser North",5,2018,2018-05-01,4.70352795698925
"233","Fraser North",5,2019,2019-05-01,3.08499086021505
"234","Fraser North",5,2020,2020-05-01,2.13642231182796
"235","Fraser North",5,2021,2021-05-01,2.32268817204301
"236","Fraser North",5,2022,2022-05-01,2.39401933333333
"237","Fraser North",5,2023,2023-05-01,3.61784196428571
"238","Fraser North",6,2018,2018-06-01,2.73622888888889
"239","Fraser North",6,2019,2019-06-01,2.56745472222222
"240","Fraser North",6,2020,2020-06-01,2.30388388888889
"241","Fraser North",6,2021,2021-06-01,2.44650194444444
"242","Fraser North",6,2022,2022-06-01,1.71364930555556
"243","Fraser North",6,2023,2023-06-01,2.54623487654321
"244","Fraser North",7,2018,2018-07-01,3.73634461891372
"245","Fraser North",7,2019,2019-07-01,1.9385087120886
"246","Fraser North",7,2020,2020-07-01,1.94032983870968
"247","Fraser North",7,2021,2021-07-01,3.20614059139785
"248","Fraser North",7,2022,2022-07-01,3.11734934640523
"249","Fraser North",7,2023,2023-07-01,2.48059228395062
"250","Fraser North",8,2018,2018-08-01,5.6653685483871
"251","Fraser North",8,2019,2019-08-01,2.57754737335533
"252","Fraser North",8,2020,2020-08-01,2.5502
"253","Fraser North",8,2021,2021-08-01,3.14777204301075
"254","Fraser North",8,2022,2022-08-01,4.15443267973856
"255","Fraser North",8,2023,2023-08-01,2.89652959250091
"256","Fraser North",9,2018,2018-09-01,2.70987888888889
"257","Fraser North",9,2019,2019-09-01,2.56602388888889
"258","Fraser North",9,2020,2020-09-01,3.19679277777778
"259","Fraser North",9,2021,2021-09-01,2.45934055555556
"260","Fraser North",9,2022,2022-09-01,3.17191276595745
"261","Fraser North",9,2023,2023-09-01,2.73755689655172
"262","Fraser North",10,2018,2018-10-01,3.21079865591398
"263","Fraser North",10,2019,2019-10-01,2.07272043010753
"264","Fraser North",10,2020,2020-10-01,2.782975
"265","Fraser North",10,2021,2021-10-01,2.06517392473118
"266","Fraser North",10,2022,2022-10-01,4.23133673469388
"267","Fraser North",11,2018,2018-11-01,1.9125075
"268","Fraser North",11,2019,2019-11-01,3.42601805555556
"269","Fraser North",11,2020,2020-11-01,2.12570472222222
"270","Fraser North",11,2021,2021-11-01,2.00762388888889
"271","Fraser North",11,2022,2022-11-01,2.35161736111111
"272","Fraser North",12,2018,2018-12-01,1.56143064516129
"273","Fraser North",12,2019,2019-12-01,2.47055376344086
"274","Fraser North",12,2020,2020-12-01,2.42588010752688
"275","Fraser North",12,2021,2021-12-01,1.79658333333333
"276","Fraser North",12,2022,2022-12-01,1.74777712418301
"277","Fraser South",1,2018,2018-01-01,8.93188243727599
"278","Fraser South",1,2019,2019-01-01,11.9162874551971
"279","Fraser South",1,2020,2020-01-01,4.75397419354839
"280","Fraser South",1,2021,2021-01-01,10.0916
"281","Fraser South",1,2022,2022-01-01,13.8649481481481
"282","Fraser South",1,2023,2023-01-01,9.01968666666667
"283","Fraser South",2,2018,2018-02-01,7.36777777777778
"284","Fraser South",2,2019,2019-02-01,6.94226785714286
"285","Fraser South",2,2020,2020-02-01,10.9616822079713
"286","Fraser South",2,2021,2021-02-01,5.80833253968254
"287","Fraser South",2,2022,2022-02-01,10.6618170542636
"288","Fraser South",2,2023,2023-02-01,6.51805873015873
"289","Fraser South",3,2018,2018-03-01,7.92452114695341
"290","Fraser South",3,2019,2019-03-01,8.51219789641459
"291","Fraser South",3,2020,2020-03-01,7.45510967741935
"292","Fraser South",3,2021,2021-03-01,6.75642437275986
"293","Fraser South",3,2022,2022-03-01,8.74545648148148
"294","Fraser South",3,2023,2023-03-01,6.05997275985663
"295","Fraser South",4,2018,2018-04-01,5.12891179477268
"296","Fraser South",4,2019,2019-04-01,4.68891203724049
"297","Fraser South",4,2020,2020-04-01,5.52139777777778
"298","Fraser South",4,2021,2021-04-01,5.90031851851852
"299","Fraser South",4,2022,2022-04-01,5.12249283950617
"300","Fraser South",4,2023,2023-04-01,5.69497613168724
"301","Fraser South",5,2018,2018-05-01,9.15830035842294
"302","Fraser South",5,2019,2019-05-01,6.67742974910394
"303","Fraser South",5,2020,2020-05-01,4.41407598566308
"304","Fraser South",5,2021,2021-05-01,5.32932043010753
"305","Fraser South",5,2022,2022-05-01,5.10249955555556
"306","Fraser South",5,2023,2023-05-01,6.58133888888889
"307","Fraser South",6,2018,2018-06-01,4.63886592592593
"308","Fraser South",6,2019,2019-06-01,3.94516444444444
"309","Fraser South",6,2020,2020-06-01,4.69459925925926
"310","Fraser South",6,2021,2021-06-01,5.11783962962963
"311","Fraser South",6,2022,2022-06-01,4.85383333333333
"312","Fraser South",6,2023,2023-06-01,5.23204032921811
"313","Fraser South",7,2018,2018-07-01,7.66939605260548
"314","Fraser South",7,2019,2019-07-01,3.79998962606709
"315","Fraser South",7,2020,2020-07-01,4.05306953405018
"316","Fraser South",7,2021,2021-07-01,4.86819569892473
"317","Fraser South",7,2022,2022-07-01,7.36918431372549
"318","Fraser South",7,2023,2023-07-01,4.38975967078189
"319","Fraser South",8,2018,2018-08-01,11.1598896057348
"320","Fraser South",8,2019,2019-08-01,5.27075490023705
"321","Fraser South",8,2020,2020-08-01,4.79142724014337
"322","Fraser South",8,2021,2021-08-01,5.71721433691756
"323","Fraser South",8,2022,2022-08-01,8.54681917211329
"324","Fraser South",8,2023,2023-08-01,5.80006135176017
"325","Fraser South",9,2018,2018-09-01,6.6578437037037
"326","Fraser South",9,2019,2019-09-01,6.17506814814815
"327","Fraser South",9,2020,2020-09-01,8.35745777777778
"328","Fraser South",9,2021,2021-09-01,6.16167111111111
"329","Fraser South",9,2022,2022-09-01,8.33274326241135
"330","Fraser South",9,2023,2023-09-01,7.17764521072797
"331","Fraser South",10,2018,2018-10-01,12.4020709677419
"332","Fraser South",10,2019,2019-10-01,7.18688172043011
"333","Fraser South",10,2020,2020-10-01,8.98476487455197
"334","Fraser South",10,2021,2021-10-01,6.41730752688172
"335","Fraser South",10,2022,2022-10-01,13.720398185941
"336","Fraser South",11,2018,2018-11-01,9.63826740740741
"337","Fraser South",11,2019,2019-11-01,13.0607844444444
"338","Fraser South",11,2020,2020-11-01,7.95119925925926
"339","Fraser South",11,2021,2021-11-01,6.88570444444444
"340","Fraser South",11,2022,2022-11-01,8.73688240740741
"341","Fraser South",12,2018,2018-12-01,7.99086021505377
"342","Fraser South",12,2019,2019-12-01,12.7809978494624
"343","Fraser South",12,2020,2020-12-01,10.8205856630824
"344","Fraser South",12,2021,2021-12-01,7.19596935483871
"345","Fraser South",12,2022,2022-12-01,6.67921917211329
"346","Kootenay Boundary",1,2018,2018-01-01,0.357113998593106
"347","Kootenay Boundary",1,2019,2019-01-01,0.638512651994774
"348","Kootenay Boundary",1,2020,2020-01-01,0.394804823635815
"349","Kootenay Boundary",1,2021,2021-01-01,0.546941191840016
"350","Kootenay Boundary",1,2022,2022-01-01,0.861031419670672
"351","Kootenay Boundary",1,2023,2023-01-01,0.456846479750779
"352","Kootenay Boundary",2,2018,2018-02-01,0.473656186025812
"353","Kootenay Boundary",2,2019,2019-02-01,0.348752036048064
"354","Kootenay Boundary",2,2020,2020-02-01,0.632530720163834
"355","Kootenay Boundary",2,2021,2021-02-01,0.402214107699154
"356","Kootenay Boundary",2,2022,2022-02-01,0.628481547489676
"357","Kootenay Boundary",2,2023,2023-02-01,0.684675789942145
"358","Kootenay Boundary",3,2018,2018-03-01,0.515156748065521
"359","Kootenay Boundary",3,2019,2019-03-01,1.02349747099671
"360","Kootenay Boundary",3,2020,2020-03-01,0.713996965129133
"361","Kootenay Boundary",3,2021,2021-03-01,0.694010230127625
"362","Kootenay Boundary",3,2022,2022-03-01,0.932152829698858
"363","Kootenay Boundary",3,2023,2023-03-01,0.444387257562054
"364","Kootenay Boundary",4,2018,2018-04-01,0.52872878335004
"365","Kootenay Boundary",4,2019,2019-04-01,0.648607482031073
"366","Kootenay Boundary",4,2020,2020-04-01,0.698145316718588
"367","Kootenay Boundary",4,2021,2021-04-01,0.710587268951194
"368","Kootenay Boundary",4,2022,2022-04-01,0.492797812391831
"369","Kootenay Boundary",4,2023,2023-04-01,0.60097874697127
"370","Kootenay Boundary",5,2018,2018-05-01,1.57815373329314
"371","Kootenay Boundary",5,2019,2019-05-01,0.834800371821927
"372","Kootenay Boundary",5,2020,2020-05-01,0.663504270927545
"373","Kootenay Boundary",5,2021,2021-05-01,0.672355944126218
"374","Kootenay Boundary",5,2022,2022-05-01,0.722654853582555
"375","Kootenay Boundary",5,2023,2023-05-01,1.18425242545616
"376","Kootenay Boundary",6,2018,2018-06-01,0.843361516095535
"377","Kootenay Boundary",6,2019,2019-06-01,0.713173291796469
"378","Kootenay Boundary",6,2020,2020-06-01,0.807052274143302
"379","Kootenay Boundary",6,2021,2021-06-01,0.771113239875389
"380","Kootenay Boundary",6,2022,2022-06-01,0.619213577362409
"381","Kootenay Boundary",6,2023,2023-06-01,0.914204822891427
"382","Kootenay Boundary",7,2018,2018-07-01,0.800874510381918
"383","Kootenay Boundary",7,2019,2019-07-01,0.819551941412283
"384","Kootenay Boundary",7,2020,2020-07-01,0.643141553612702
"385","Kootenay Boundary",7,2021,2021-07-01,1.83751267209326
"386","Kootenay Boundary",7,2022,2022-07-01,0.940055610530817
"387","Kootenay Boundary",7,2023,2023-07-01,0.852341617630091
"388","Kootenay Boundary",8,2018,2018-08-01,1.95371835996382
"389","Kootenay Boundary",8,2019,2019-08-01,1.18110423196251
"390","Kootenay Boundary",8,2020,2020-08-01,1.22915210531605
"391","Kootenay Boundary",8,2021,2021-08-01,1.33048744849764
"392","Kootenay Boundary",8,2022,2022-08-01,2.11557454034573
"393","Kootenay Boundary",8,2023,2023-08-01,1.2149187072465
"394","Kootenay Boundary",9,2018,2018-09-01,0.816188099688474
"395","Kootenay Boundary",9,2019,2019-09-01,1.1493271443406
"396","Kootenay Boundary",9,2020,2020-09-01,1.18590342679128
"397","Kootenay Boundary",9,2021,2021-09-01,0.877466251298027
"398","Kootenay Boundary",9,2022,2022-09-01,1.22162187313581
"399","Kootenay Boundary",9,2023,2023-09-01,1.22325326028575
"400","Kootenay Boundary",10,2018,2018-10-01,1.43002960506482
"401","Kootenay Boundary",10,2019,2019-10-01,0.495427374133253
"402","Kootenay Boundary",10,2020,2020-10-01,0.969871872173651
"403","Kootenay Boundary",10,2021,2021-10-01,0.65315085921013
"404","Kootenay Boundary",10,2022,2022-10-01,1.26826330980991
"405","Kootenay Boundary",11,2018,2018-11-01,0.367243655244029
"406","Kootenay Boundary",11,2019,2019-11-01,0.65006533748702
"407","Kootenay Boundary",11,2020,2020-11-01,0.555311692627207
"408","Kootenay Boundary",11,2021,2021-11-01,0.472630134994808
"409","Kootenay Boundary",11,2022,2022-11-01,0.417215628245068
"410","Kootenay Boundary",12,2018,2018-12-01,0.343273701135564
"411","Kootenay Boundary",12,2019,2019-12-01,0.514704853783539
"412","Kootenay Boundary",12,2020,2020-12-01,0.591610611998794
"413","Kootenay Boundary",12,2021,2021-12-01,0.343431921414933
"414","Kootenay Boundary",12,2022,2022-12-01,0.282925074827439
"415","North Shore/Coast Garibaldi",1,2018,2018-01-01,0.23759836831088
"416","North Shore/Coast Garibaldi",1,2019,2019-01-01,0.401763448016746
"417","North Shore/Coast Garibaldi",1,2020,2020-01-01,0.169102893027749
"418","North Shore/Coast Garibaldi",1,2021,2021-01-01,0.296087316837529
"419","North Shore/Coast Garibaldi",1,2022,2022-01-01,0.701390698042944
"420","North Shore/Coast Garibaldi",1,2023,2023-01-01,0.328979778147532
"421","North Shore/Coast Garibaldi",2,2018,2018-02-01,0.213159793201807
"422","North Shore/Coast Garibaldi",2,2019,2019-02-01,0.222516965771334
"423","North Shore/Coast Garibaldi",2,2020,2020-02-01,0.303188131049726
"424","North Shore/Coast Garibaldi",2,2021,2021-02-01,0.179141918231519
"425","North Shore/Coast Garibaldi",2,2022,2022-02-01,0.43952556591727
"426","North Shore/Coast Garibaldi",2,2023,2023-02-01,0.217371155217495
"427","North Shore/Coast Garibaldi",3,2018,2018-03-01,0.356093661102464
"428","North Shore/Coast Garibaldi",3,2019,2019-03-01,0.891271782828511
"429","North Shore/Coast Garibaldi",3,2020,2020-03-01,0.411962632172186
"430","North Shore/Coast Garibaldi",3,2021,2021-03-01,0.470822371316623
"431","North Shore/Coast Garibaldi",3,2022,2022-03-01,0.505116819190239
"432","North Shore/Coast Garibaldi",3,2023,2023-03-01,0.491929547528313
"433","North Shore/Coast Garibaldi",4,2018,2018-04-01,0.498825690132264
"434","North Shore/Coast Garibaldi",4,2019,2019-04-01,0.387034489942774
"435","North Shore/Coast Garibaldi",4,2020,2020-04-01,0.523904969495286
"436","North Shore/Coast Garibaldi",4,2021,2021-04-01,0.516270926234054
"437","North Shore/Coast Garibaldi",4,2022,2022-04-01,0.309294849325199
"438","North Shore/Coast Garibaldi",4,2023,2023-04-01,0.462074579404696
"439","North Shore/Coast Garibaldi",5,2018,2018-05-01,1.29016775267028
"440","North Shore/Coast Garibaldi",5,2019,2019-05-01,0.79418193870431
"441","North Shore/Coast Garibaldi",5,2020,2020-05-01,0.695014191401428
"442","North Shore/Coast Garibaldi",5,2021,2021-05-01,0.472672942944555
"443","North Shore/Coast Garibaldi",5,2022,2022-05-01,0.397359134775374
"444","North Shore/Coast Garibaldi",5,2023,2023-05-01,1.28029847872593
"445","North Shore/Coast Garibaldi",6,2018,2018-06-01,0.527949362174154
"446","North Shore/Coast Garibaldi",6,2019,2019-06-01,0.648904437049362
"447","North Shore/Coast Garibaldi",6,2020,2020-06-01,0.439996394897393
"448","North Shore/Coast Garibaldi",6,2021,2021-06-01,0.576106206322795
"449","North Shore/Coast Garibaldi",6,2022,2022-06-01,0.344846741541875
"450","North Shore/Coast Garibaldi",6,2023,2023-06-01,0.630210229863807
"451","North Shore/Coast Garibaldi",7,2018,2018-07-01,0.715556628467693
"452","North Shore/Coast Garibaldi",7,2019,2019-07-01,0.463154605581521
"453","North Shore/Coast Garibaldi",7,2020,2020-07-01,0.465747131125543
"454","North Shore/Coast Garibaldi",7,2021,2021-07-01,0.74077717782191
"455","North Shore/Coast Garibaldi",7,2022,2022-07-01,0.511314501973834
"456","North Shore/Coast Garibaldi",7,2023,2023-07-01,0.599611634929439
"457","North Shore/Coast Garibaldi",8,2018,2018-08-01,1.13440617250819
"458","North Shore/Coast Garibaldi",8,2019,2019-08-01,0.60659752811532
"459","North Shore/Coast Garibaldi",8,2020,2020-08-01,0.583970704739413
"460","North Shore/Coast Garibaldi",8,2021,2021-08-01,0.681150308625409
"461","North Shore/Coast Garibaldi",8,2022,2022-08-01,1.27534387785064
"462","North Shore/Coast Garibaldi",8,2023,2023-08-01,0.685625301966616
"463","North Shore/Coast Garibaldi",9,2018,2018-09-01,0.453839578480311
"464","North Shore/Coast Garibaldi",9,2019,2019-09-01,0.66408560177482
"465","North Shore/Coast Garibaldi",9,2020,2020-09-01,0.805102972823073
"466","North Shore/Coast Garibaldi",9,2021,2021-09-01,0.490996738768719
"467","North Shore/Coast Garibaldi",9,2022,2022-09-01,0.924326732042341
"468","North Shore/Coast Garibaldi",9,2023,2023-09-01,0.511650444661197
"469","North Shore/Coast Garibaldi",10,2018,2018-10-01,0.699241307498256
"470","North Shore/Coast Garibaldi",10,2019,2019-10-01,0.332905061456712
"471","North Shore/Coast Garibaldi",10,2020,2020-10-01,0.459206644839246
"472","North Shore/Coast Garibaldi",10,2021,2021-10-01,0.273437045783909
"473","North Shore/Coast Garibaldi",10,2022,2022-10-01,0.897903833746477
"474","North Shore/Coast Garibaldi",11,2018,2018-11-01,0.277821630615641
"475","North Shore/Coast Garibaldi",11,2019,2019-11-01,0.480712789794786
"476","North Shore/Coast Garibaldi",11,2020,2020-11-01,0.20712876317249
"477","North Shore/Coast Garibaldi",11,2021,2021-11-01,0.249833444259567
"478","North Shore/Coast Garibaldi",11,2022,2022-11-01,0.373232113144759
"479","North Shore/Coast Garibaldi",12,2018,2018-12-01,0.163348354892384
"480","North Shore/Coast Garibaldi",12,2019,2019-12-01,0.263082507648543
"481","North Shore/Coast Garibaldi",12,2020,2020-12-01,0.412206623369653
"482","North Shore/Coast Garibaldi",12,2021,2021-12-01,0.151053107723686
"483","North Shore/Coast Garibaldi",12,2022,2022-12-01,0.203144915337183
"484","North Vancouver Island",1,2018,2018-01-01,0.330644021072382
"485","North Vancouver Island",1,2019,2019-01-01,0.577648307714513
"486","North Vancouver Island",1,2020,2020-01-01,0.177299415457891
"487","North Vancouver Island",1,2021,2021-01-01,0.354032806523779
"488","North Vancouver Island",1,2022,2022-01-01,0.844526749760307
"489","North Vancouver Island",1,2023,2023-01-01,0.391450246085011
"490","North Vancouver Island",2,2018,2018-02-01,0.229722770853308
"491","North Vancouver Island",2,2019,2019-02-01,0.228128020134228
"492","North Vancouver Island",2,2020,2020-02-01,0.328768144868655
"493","North Vancouver Island",2,2021,2021-02-01,0.179494678811122
"494","North Vancouver Island",2,2022,2022-02-01,0.462360022891629
"495","North Vancouver Island",2,2023,2023-02-01,0.283006088207095
"496","North Vancouver Island",3,2018,2018-03-01,0.352359558345962
"497","North Vancouver Island",3,2019,2019-03-01,0.803043408911282
"498","North Vancouver Island",3,2020,2020-03-01,0.384188511221765
"499","North Vancouver Island",3,2021,2021-03-01,0.421592393736018
"500","North Vancouver Island",3,2022,2022-03-01,0.43833629753915
"501","North Vancouver Island",3,2023,2023-03-01,0.485923562098578
"502","North Vancouver Island",4,2018,2018-04-01,0.514260087091843
"503","North Vancouver Island",4,2019,2019-04-01,0.429770003932011
"504","North Vancouver Island",4,2020,2020-04-01,0.467623594332588
"505","North Vancouver Island",4,2021,2021-04-01,0.510583176733781
"506","North Vancouver Island",4,2022,2022-04-01,0.350245965697241
"507","North Vancouver Island",4,2023,2023-04-01,0.346817466235811
"508","North Vancouver Island",5,2018,2018-05-01,1.14702273219312
"509","North Vancouver Island",5,2019,2019-05-01,0.781055315003248
"510","North Vancouver Island",5,2020,2020-05-01,0.742371667749152
"511","North Vancouver Island",5,2021,2021-05-01,0.482943450963412
"512","North Vancouver Island",5,2022,2022-05-01,0.317606872483222
"513","North Vancouver Island",5,2023,2023-05-01,1.04157285075104
"514","North Vancouver Island",6,2018,2018-06-01,0.469463952274422
"515","North Vancouver Island",6,2019,2019-06-01,0.575777926920209
"516","North Vancouver Island",6,2020,2020-06-01,0.473103475018643
"517","North Vancouver Island",6,2021,2021-06-01,0.510693743475019
"518","North Vancouver Island",6,2022,2022-06-01,0.358063534675615
"519","North Vancouver Island",6,2023,2023-06-01,0.522258198690861
"520","North Vancouver Island",7,2018,2018-07-01,0.687509362364687
"521","North Vancouver Island",7,2019,2019-07-01,0.386263061875708
"522","North Vancouver Island",7,2020,2020-07-01,0.433236111712492
"523","North Vancouver Island",7,2021,2021-07-01,0.598307137186981
"524","North Vancouver Island",7,2022,2022-07-01,0.447253147343949
"525","North Vancouver Island",7,2023,2023-07-01,0.449362730963626
"526","North Vancouver Island",8,2018,2018-08-01,0.873988626686873
"527","North Vancouver Island",8,2019,2019-08-01,0.541283946928256
"528","North Vancouver Island",8,2020,2020-08-01,0.539139250920113
"529","North Vancouver Island",8,2021,2021-08-01,0.590627408529985
"530","North Vancouver Island",8,2022,2022-08-01,1.12285309470544
"531","North Vancouver Island",8,2023,2023-08-01,0.621527789741776
"532","North Vancouver Island",9,2018,2018-09-01,0.400715123042506
"533","North Vancouver Island",9,2019,2019-09-01,0.635050991797166
"534","North Vancouver Island",9,2020,2020-09-01,0.671747158836689
"535","North Vancouver Island",9,2021,2021-09-01,0.457018478747204
"536","North Vancouver Island",9,2022,2022-09-01,0.833616450092817
"537","North Vancouver Island",9,2023,2023-09-01,0.434262423821646
"538","North Vancouver Island",10,2018,2018-10-01,0.73084270765678
"539","North Vancouver Island",10,2019,2019-10-01,0.3690911308364
"540","North Vancouver Island",10,2020,2020-10-01,0.454260388251425
"541","North Vancouver Island",10,2021,2021-10-01,0.296145385003969
"542","North Vancouver Island",10,2022,2022-10-01,0.858846459389125
"543","North Vancouver Island",11,2018,2018-11-01,0.35516322147651
"544","North Vancouver Island",11,2019,2019-11-01,0.492725473527219
"545","North Vancouver Island",11,2020,2020-11-01,0.239499522744221
"546","North Vancouver Island",11,2021,2021-11-01,0.252412080536913
"547","North Vancouver Island",11,2022,2022-11-01,0.456781860551827
"548","North Vancouver Island",12,2018,2018-12-01,0.227248538644728
"549","North Vancouver Island",12,2019,2019-12-01,0.271686468932669
"550","North Vancouver Island",12,2020,2020-12-01,0.520313964061485
"551","North Vancouver Island",12,2021,2021-12-01,0.143502327343581
"552","North Vancouver Island",12,2022,2022-12-01,0.167104426020968
"553","Northeast",1,2018,2018-01-01,0.294714712073244
"554","Northeast",1,2019,2019-01-01,0.227792973389236
"555","Northeast",1,2020,2020-01-01,0.203289549071618
"556","Northeast",1,2021,2021-01-01,0.202147856592795
"557","Northeast",1,2022,2022-01-01,0.229628394593912
"558","Northeast",1,2023,2023-01-01,0.275775232537577
"559","Northeast",2,2018,2018-02-01,0.268435274725275
"560","Northeast",2,2019,2019-02-01,0.290589198560061
"561","Northeast",2,2020,2020-02-01,0.188530669204906
"562","Northeast",2,2021,2021-02-01,0.153575835543767
"563","Northeast",2,2022,2022-02-01,0.248431208438714
"564","Northeast",2,2023,2023-02-01,0.169343035240621
"565","Northeast",3,2018,2018-03-01,0.658898687430478
"566","Northeast",3,2019,2019-03-01,0.749585808529665
"567","Northeast",3,2020,2020-03-01,0.46319643364422
"568","Northeast",3,2021,2021-03-01,0.367245667836057
"569","Northeast",3,2022,2022-03-01,0.394786450044209
"570","Northeast",3,2023,2023-03-01,0.466031967142979
"571","Northeast",4,2018,2018-04-01,0.697425597307308
"572","Northeast",4,2019,2019-04-01,0.509995803032805
"573","Northeast",4,2020,2020-04-01,0.392637563218391
"574","Northeast",4,2021,2021-04-01,0.460554733863837
"575","Northeast",4,2022,2022-04-01,0.51817441556145
"576","Northeast",4,2023,2023-04-01,0.472661719225857
"577","Northeast",5,2018,2018-05-01,0.895575583126551
"578","Northeast",5,2019,2019-05-01,0.683358903054676
"579","Northeast",5,2020,2020-05-01,0.696116228287841
"580","Northeast",5,2021,2021-05-01,0.60822777787285
"581","Northeast",5,2022,2022-05-01,0.507949254111406
"582","Northeast",5,2023,2023-05-01,1.10051816597196
"583","Northeast",6,2018,2018-06-01,0.529276035366932
"584","Northeast",6,2019,2019-06-01,0.429005824933687
"585","Northeast",6,2020,2020-06-01,0.43858558443855
"586","Northeast",6,2021,2021-06-01,0.451451057471264
"587","Northeast",6,2022,2022-06-01,0.515135366931919
"588","Northeast",6,2023,2023-06-01,0.49805339227822
"589","Northeast",7,2018,2018-07-01,0.446101541134995
"590","Northeast",7,2019,2019-07-01,0.54541597557224
"591","Northeast",7,2020,2020-07-01,0.456032374433131
"592","Northeast",7,2021,2021-07-01,0.556120776931633
"593","Northeast",7,2022,2022-07-01,0.40052074270557
"594","Northeast",7,2023,2023-07-01,0.637792011003046
"595","Northeast",8,2018,2018-08-01,0.557863140241294
"596","Northeast",8,2019,2019-08-01,0.511101353561259
"597","Northeast",8,2020,2020-08-01,0.615647249080175
"598","Northeast",8,2021,2021-08-01,0.813997528878241
"599","Northeast",8,2022,2022-08-01,1.08086803765538
"600","Northeast",8,2023,2023-08-01,0.578789032671851
"601","Northeast",9,2018,2018-09-01,0.490405909814324
"602","Northeast",9,2019,2019-09-01,0.475772014146773
"603","Northeast",9,2020,2020-09-01,0.470777863837312
"604","Northeast",9,2021,2021-09-01,0.289654182139699
"605","Northeast",9,2022,2022-09-01,0.497348536599131
"606","Northeast",9,2023,2023-09-01,0.369062690935699
"607","Northeast",10,2018,2018-10-01,0.65810392401814
"608","Northeast",10,2019,2019-10-01,0.294604641054163
"609","Northeast",10,2020,2020-10-01,0.321651178232224
"610","Northeast",10,2021,2021-10-01,0.383149838281852
"611","Northeast",10,2022,2022-10-01,0.404608152438694
"612","Northeast",11,2018,2018-11-01,0.254931048629531
"613","Northeast",11,2019,2019-11-01,0.179412763925729
"614","Northeast",11,2020,2020-11-01,0.16707557913351
"615","Northeast",11,2021,2021-11-01,0.208613050397878
"616","Northeast",11,2022,2022-11-01,0.208474310344828
"617","Northeast",12,2018,2018-12-01,0.227689863951399
"618","Northeast",12,2019,2019-12-01,0.188291732694447
"619","Northeast",12,2020,2020-12-01,0.290210746983828
"620","Northeast",12,2021,2021-12-01,0.143565935655001
"621","Northeast",12,2022,2022-12-01,0.20382879076299
"622","Northern Interior",1,2018,2018-01-01,0.551621157066919
"623","Northern Interior",1,2019,2019-01-01,0.438200899293672
"624","Northern Interior",1,2020,2020-01-01,0.261756076603801
"625","Northern Interior",1,2021,2021-01-01,0.319064345008374
"626","Northern Interior",1,2022,2022-01-01,0.508947285821778
"627","Northern Interior",1,2023,2023-01-01,0.325854582392777
"628","Northern Interior",2,2018,2018-02-01,0.404015220896485
"629","Northern Interior",2,2019,2019-02-01,0.375090636085134
"630","Northern Interior",2,2020,2020-02-01,0.306989094144498
"631","Northern Interior",2,2021,2021-02-01,0.243440031441471
"632","Northern Interior",2,2022,2022-02-01,0.38077073862145
"633","Northern Interior",2,2023,2023-02-01,0.228480099161561
"634","Northern Interior",3,2018,2018-03-01,0.558780612393505
"635","Northern Interior",3,2019,2019-03-01,1.33811704898302
"636","Northern Interior",3,2020,2020-03-01,0.493724419282021
"637","Northern Interior",3,2021,2021-03-01,0.462267731012889
"638","Northern Interior",3,2022,2022-03-01,0.607509762979684
"639","Northern Interior",3,2023,2023-03-01,0.485632687686594
"640","Northern Interior",4,2018,2018-04-01,0.798659414536912
"641","Northern Interior",4,2019,2019-04-01,0.660081565289982
"642","Northern Interior",4,2020,2020-04-01,0.482148769751693
"643","Northern Interior",4,2021,2021-04-01,0.639897513167795
"644","Northern Interior",4,2022,2022-04-01,0.39863784800602
"645","Northern Interior",4,2023,2023-04-01,0.570045514589081
"646","Northern Interior",5,2018,2018-05-01,1.13197634529964
"647","Northern Interior",5,2019,2019-05-01,0.800410633146436
"648","Northern Interior",5,2020,2020-05-01,0.797071277215466
"649","Northern Interior",5,2021,2021-05-01,0.542974983616107
"650","Northern Interior",5,2022,2022-05-01,0.428127187358916
"651","Northern Interior",5,2023,2023-05-01,1.29690436552725
"652","Northern Interior",6,2018,2018-06-01,0.549994480812641
"653","Northern Interior",6,2019,2019-06-01,0.483924601203913
"654","Northern Interior",6,2020,2020-06-01,0.402007942061701
"655","Northern Interior",6,2021,2021-06-01,0.55683557185854
"656","Northern Interior",6,2022,2022-06-01,0.381466873589165
"657","Northern Interior",6,2023,2023-06-01,0.584548541091882
"658","Northern Interior",7,2018,2018-07-01,0.539646537649615
"659","Northern Interior",7,2019,2019-07-01,0.501478093020173
"660","Northern Interior",7,2020,2020-07-01,0.43318195223185
"661","Northern Interior",7,2021,2021-07-01,0.713666973712954
"662","Northern Interior",7,2022,2022-07-01,0.490066007170363
"663","Northern Interior",7,2023,2023-07-01,0.595211825934286
"664","Northern Interior",8,2018,2018-08-01,0.712054026796767
"665","Northern Interior",8,2019,2019-08-01,0.599347097863209
"666","Northern Interior",8,2020,2020-08-01,0.61753323017549
"667","Northern Interior",8,2021,2021-08-01,0.736026774921721
"668","Northern Interior",8,2022,2022-08-01,1.40906708715089
"669","Northern Interior",8,2023,2023-08-01,0.687732708252102
"670","Northern Interior",9,2018,2018-09-01,0.507486933784801
"671","Northern Interior",9,2019,2019-09-01,0.626056531226486
"672","Northern Interior",9,2020,2020-09-01,0.822705838976674
"673","Northern Interior",9,2021,2021-09-01,0.396331166290444
"674","Northern Interior",9,2022,2022-09-01,0.67250892368282
"675","Northern Interior",9,2023,2023-09-01,0.445385879971978
"676","Northern Interior",10,2018,2018-10-01,1.08602337071288
"677","Northern Interior",10,2019,2019-10-01,0.346666274666861
"678","Northern Interior",10,2020,2020-10-01,0.484322478700939
"679","Northern Interior",10,2021,2021-10-01,0.31317514381417
"680","Northern Interior",10,2022,2022-10-01,0.826365167918183
"681","Northern Interior",11,2018,2018-11-01,0.350002091798345
"682","Northern Interior",11,2019,2019-11-01,0.313413577878104
"683","Northern Interior",11,2020,2020-11-01,0.252800466516178
"684","Northern Interior",11,2021,2021-11-01,0.27213773890143
"685","Northern Interior",11,2022,2022-11-01,0.314229194883371
"686","Northern Interior",12,2018,2018-12-01,0.319392831136678
"687","Northern Interior",12,2019,2019-12-01,0.342545925871987
"688","Northern Interior",12,2020,2020-12-01,0.492120585451103
"689","Northern Interior",12,2021,2021-12-01,0.21154082866089
"690","Northern Interior",12,2022,2022-12-01,0.28458776612225
"691","Northwest",1,2018,2018-01-01,0.150310533296629
"692","Northwest",1,2019,2019-01-01,0.141675079456443
"693","Northwest",1,2020,2020-01-01,0.108337908856578
"694","Northwest",1,2021,2021-01-01,0.122913095923321
"695","Northwest",1,2022,2022-01-01,0.155317133990912
"696","Northwest",1,2023,2023-01-01,0.144985202999741
"697","Northwest",2,2018,2018-02-01,0.17218071871883
"698","Northwest",2,2019,2019-02-01,0.173329427573978
"699","Northwest",2,2020,2020-02-01,0.124017283722828
"700","Northwest",2,2021,2021-02-01,0.0991174941815361
"701","Northwest",2,2022,2022-02-01,0.190704389557436
"702","Northwest",2,2023,2023-02-01,0.0949718857364513
"703","Northwest",3,2018,2018-03-01,0.232438396856778
"704","Northwest",3,2019,2019-03-01,0.506287884207633
"705","Northwest",3,2020,2020-03-01,0.375337330764033
"706","Northwest",3,2021,2021-03-01,0.251699822317876
"707","Northwest",3,2022,2022-03-01,0.279684888156193
"708","Northwest",3,2023,2023-03-01,0.30714335944343
"709","Northwest",4,2018,2018-04-01,0.376267206375126
"710","Northwest",4,2019,2019-04-01,0.295806026839085
"711","Northwest",4,2020,2020-04-01,0.247921349883631
"712","Northwest",4,2021,2021-04-01,0.495058127747608
"713","Northwest",4,2022,2022-04-01,0.191070493922938
"714","Northwest",4,2023,2023-04-01,0.275116846248887
"715","Northwest",5,2018,2018-05-01,0.633562619184664
"716","Northwest",5,2019,2019-05-01,0.515453594934808
"717","Northwest",5,2020,2020-05-01,0.487321669711454
"718","Northwest",5,2021,2021-05-01,0.342486523686779
"719","Northwest",5,2022,2022-05-01,0.244885927075252
"720","Northwest",5,2023,2023-05-01,0.757472187742436
"721","Northwest",6,2018,2018-06-01,0.30741718386346
"722","Northwest",6,2019,2019-06-01,0.242029839668994
"723","Northwest",6,2020,2020-06-01,0.21255269200931
"724","Northwest",6,2021,2021-06-01,0.235400721489527
"725","Northwest",6,2022,2022-06-01,0.293816627876907
"726","Northwest",6,2023,2023-06-01,0.328259690256587
"727","Northwest",7,2018,2018-07-01,0.356848198833141
"728","Northwest",7,2019,2019-07-01,0.37765065028358
"729","Northwest",7,2020,2020-07-01,0.152053947796491
"730","Northwest",7,2021,2021-07-01,0.336837518456418
"731","Northwest",7,2022,2022-07-01,0.25228263892058
"732","Northwest",7,2023,2023-07-01,0.421427305117375
"733","Northwest",8,2018,2018-08-01,0.37252293600941
"734","Northwest",8,2019,2019-08-01,0.348576457333076
"735","Northwest",8,2020,2020-08-01,0.248051027302986
"736","Northwest",8,2021,2021-08-01,0.271226957631572
"737","Northwest",8,2022,2022-08-01,0.476483819346202
"738","Northwest",8,2023,2023-08-01,0.360174136290239
"739","Northwest",9,2018,2018-09-01,0.288817214895268
"740","Northwest",9,2019,2019-09-01,0.294324072924748
"741","Northwest",9,2020,2020-09-01,0.38269986294285
"742","Northwest",9,2021,2021-09-01,0.143233201448151
"743","Northwest",9,2022,2022-09-01,0.355543739993067
"744","Northwest",9,2023,2023-09-01,0.203304068912014
"745","Northwest",10,2018,2018-10-01,0.365145889536775
"746","Northwest",10,2019,2019-10-01,0.139629057283716
"747","Northwest",10,2020,2020-10-01,0.216651843139218
"748","Northwest",10,2021,2021-10-01,0.129999036512425
"749","Northwest",10,2022,2022-10-01,0.27989358623201
"750","Northwest",11,2018,2018-11-01,0.121859433669511
"751","Northwest",11,2019,2019-11-01,0.115199462115335
"752","Northwest",11,2020,2020-11-01,0.101449702611844
"753","Northwest",11,2021,2021-11-01,0.107052345487458
"754","Northwest",11,2022,2022-11-01,0.15246715153866
"755","Northwest",12,2018,2018-12-01,0.114755126504667
"756","Northwest",12,2019,2019-12-01,0.152125671313096
"757","Northwest",12,2020,2020-12-01,0.197816914837709
"758","Northwest",12,2021,2021-12-01,0.0927497847793989
"759","Northwest",12,2022,2022-12-01,0.100927790200642
"760","Okanagan",1,2018,2018-01-01,1.71295535159941
"761","Okanagan",1,2019,2019-01-01,2.0535072209475
"762","Okanagan",1,2020,2020-01-01,1.1109992981509
"763","Okanagan",1,2021,2021-01-01,1.429349655824
"764","Okanagan",1,2022,2022-01-01,1.64345263996812
"765","Okanagan",1,2023,2023-01-01,1.02794926080893
"766","Okanagan",2,2018,2018-02-01,1.25897247459653
"767","Okanagan",2,2019,2019-02-01,1.36976011655708
"768","Okanagan",2,2020,2020-02-01,1.14391973021439
"769","Okanagan",2,2021,2021-02-01,0.876494142259414
"770","Okanagan",2,2022,2022-02-01,0.966487496351075
"771","Okanagan",2,2023,2023-02-01,0.84537931858936
"772","Okanagan",3,2018,2018-03-01,1.06478061816709
"773","Okanagan",3,2019,2019-03-01,1.91210737887586
"774","Okanagan",3,2020,2020-03-01,0.931112835740316
"775","Okanagan",3,2021,2021-03-01,0.891590983938453
"776","Okanagan",3,2022,2022-03-01,1.1294430264993
"777","Okanagan",3,2023,2023-03-01,0.625347469294102
"778","Okanagan",4,2018,2018-04-01,0.81303891704139
"779","Okanagan",4,2019,2019-04-01,0.811945014150452
"780","Okanagan",4,2020,2020-04-01,0.866002092050209
"781","Okanagan",4,2021,2021-04-01,0.842952050209205
"782","Okanagan",4,2022,2022-04-01,0.56692210134821
"783","Okanagan",4,2023,2023-04-01,0.665074724934139
"784","Okanagan",5,2018,2018-05-01,1.81190201106762
"785","Okanagan",5,2019,2019-05-01,1.12444051828857
"786","Okanagan",5,2020,2020-05-01,0.823067566473208
"787","Okanagan",5,2021,2021-05-01,0.783399217168309
"788","Okanagan",5,2022,2022-05-01,0.770956987447699
"789","Okanagan",5,2023,2023-05-01,1.39870191273162
"790","Okanagan",6,2018,2018-06-01,0.91737589958159
"791","Okanagan",6,2019,2019-06-01,0.872491269177127
"792","Okanagan",6,2020,2020-06-01,0.744117935843794
"793","Okanagan",6,2021,2021-06-01,0.816051422594142
"794","Okanagan",6,2022,2022-06-01,0.59697489539749
"795","Okanagan",6,2023,2023-06-01,0.930643328684333
"796","Okanagan",7,2018,2018-07-01,0.996023691663082
"797","Okanagan",7,2019,2019-07-01,0.739291376190815
"798","Okanagan",7,2020,2020-07-01,0.727296828181941
"799","Okanagan",7,2021,2021-07-01,1.61034431097314
"800","Okanagan",7,2022,2022-07-01,1.01303903519567
"801","Okanagan",7,2023,2023-07-01,0.876238214783821
"802","Okanagan",8,2018,2018-08-01,2.26810951545418
"803","Okanagan",8,2019,2019-08-01,1.14057633362887
"804","Okanagan",8,2020,2020-08-01,1.15964068025375
"805","Okanagan",8,2021,2021-08-01,1.39618310163315
"806","Okanagan",8,2022,2022-08-01,2.34500342932152
"807","Okanagan",8,2023,2023-08-01,1.04726077218478
"808","Okanagan",9,2018,2018-09-01,0.928067810320781
"809","Okanagan",9,2019,2019-09-01,1.09591684797768
"810","Okanagan",9,2020,2020-09-01,1.30199866108787
"811","Okanagan",9,2021,2021-09-01,0.838066582984658
"812","Okanagan",9,2022,2022-09-01,1.42680185168699
"813","Okanagan",9,2023,2023-09-01,1.01539633530515
"814","Okanagan",10,2018,2018-10-01,2.44777673100283
"815","Okanagan",10,2019,2019-10-01,0.65214906195168
"816","Okanagan",10,2020,2020-10-01,1.00467938993116
"817","Okanagan",10,2021,2021-10-01,0.745823646915913
"818","Okanagan",10,2022,2022-10-01,1.60574646059261
"819","Okanagan",11,2018,2018-11-01,1.03493662482566
"820","Okanagan",11,2019,2019-11-01,1.37021687587169
"821","Okanagan",11,2020,2020-11-01,0.803522649930265
"822","Okanagan",11,2021,2021-11-01,0.754334058577406
"823","Okanagan",11,2022,2022-11-01,0.97435369595537
"824","Okanagan",12,2018,2018-12-01,1.02952833040896
"825","Okanagan",12,2019,2019-12-01,1.36645979214469
"826","Okanagan",12,2020,2020-12-01,1.34818979619382
"827","Okanagan",12,2021,2021-12-01,0.763389168578756
"828","Okanagan",12,2022,2022-12-01,0.862929854787103
"829","Richmond",1,2018,2018-01-01,10.4727161290323
"830","Richmond",1,2019,2019-01-01,15.3204258064516
"831","Richmond",1,2020,2020-01-01,5.52956774193549
"832","Richmond",1,2021,2021-01-01,11.8535870967742
"833","Richmond",1,2022,2022-01-01,16.0986952380952
"834","Richmond",1,2023,2023-01-01,12.3488
"835","Richmond",2,2018,2018-02-01,9.67270714285714
"836","Richmond",2,2019,2019-02-01,9.067875
"837","Richmond",2,2020,2020-02-01,11.8559902539483
"838","Richmond",2,2021,2021-02-01,6.7829
"839","Richmond",2,2022,2022-02-01,13.2085209302326
"840","Richmond",2,2023,2023-02-01,7.87833571428571
"841","Richmond",3,2018,2018-03-01,9.59918709677419
"842","Richmond",3,2019,2019-03-01,10.0311176096762
"843","Richmond",3,2020,2020-03-01,8.41361935483871
"844","Richmond",3,2021,2021-03-01,8.41757419354839
"845","Richmond",3,2022,2022-03-01,11.1876
"846","Richmond",3,2023,2023-03-01,7.95504516129032
"847","Richmond",4,2018,2018-04-01,6.51132957255046
"848","Richmond",4,2019,2019-04-01,5.32439500020345
"849","Richmond",4,2020,2020-04-01,7.15181333333334
"850","Richmond",4,2021,2021-04-01,7.88688666666667
"851","Richmond",4,2022,2022-04-01,6.43896888888889
"852","Richmond",4,2023,2023-04-01,7.1875037037037
"853","Richmond",5,2018,2018-05-01,9.86030967741936
"854","Richmond",5,2019,2019-05-01,7.00556774193548
"855","Richmond",5,2020,2020-05-01,6.20701935483871
"856","Richmond",5,2021,2021-05-01,6.62173548387097
"857","Richmond",5,2022,2022-05-01,7.071088
"858","Richmond",5,2023,2023-05-01,8.54418571428572
"859","Richmond",6,2018,2018-06-01,4.80472
"860","Richmond",6,2019,2019-06-01,4.40418666666667
"861","Richmond",6,2020,2020-06-01,6.01448
"862","Richmond",6,2021,2021-06-01,5.74596333333333
"863","Richmond",6,2022,2022-06-01,6.59114166666667
"864","Richmond",6,2023,2023-06-01,6.14191851851852
"865","Richmond",7,2018,2018-07-01,7.3941494576234
"866","Richmond",7,2019,2019-07-01,5.04114876585204
"867","Richmond",7,2020,2020-07-01,5.28498709677419
"868","Richmond",7,2021,2021-07-01,6.41888387096774
"869","Richmond",7,2022,2022-07-01,9.80948235294118
"870","Richmond",7,2023,2023-07-01,6.00392592592593
"871","Richmond",8,2018,2018-08-01,11.7102322580645
"872","Richmond",8,2019,2019-08-01,6.44268393249512
"873","Richmond",8,2020,2020-08-01,6.30136129032258
"874","Richmond",8,2021,2021-08-01,6.6618064516129
"875","Richmond",8,2022,2022-08-01,10.5551529411765
"876","Richmond",8,2023,2023-08-01,6.77490431472313
"877","Richmond",9,2018,2018-09-01,7.41178666666667
"878","Richmond",9,2019,2019-09-01,6.80602
"879","Richmond",9,2020,2020-09-01,9.91946
"880","Richmond",9,2021,2021-09-01,7.59119333333333
"881","Richmond",9,2022,2022-09-01,11.0944680851064
"882","Richmond",9,2023,2023-09-01,8.74249655172414
"883","Richmond",10,2018,2018-10-01,13.2726322580645
"884","Richmond",10,2019,2019-10-01,8.80890967741935
"885","Richmond",10,2020,2020-10-01,9.8148
"886","Richmond",10,2021,2021-10-01,7.47554838709677
"887","Richmond",10,2022,2022-10-01,16.180293877551
"888","Richmond",11,2018,2018-11-01,11.2976733333333
"889","Richmond",11,2019,2019-11-01,15.1739
"890","Richmond",11,2020,2020-11-01,9.14737333333333
"891","Richmond",11,2021,2021-11-01,8.84184
"892","Richmond",11,2022,2022-11-01,12.3392
"893","Richmond",12,2018,2018-12-01,9.53097419354839
"894","Richmond",12,2019,2019-12-01,14.5415548387097
"895","Richmond",12,2020,2020-12-01,12.7930451612903
"896","Richmond",12,2021,2021-12-01,8.96659516129032
"897","Richmond",12,2022,2022-12-01,8.07343529411764
"898","South Vancouver Island",1,2018,2018-01-01,2.83491175858481
"899","South Vancouver Island",1,2019,2019-01-01,4.51144058272633
"900","South Vancouver Island",1,2020,2020-01-01,1.5071448491155
"901","South Vancouver Island",1,2021,2021-01-01,2.64320894901145
"902","South Vancouver Island",1,2022,2022-01-01,4.29762795698925
"903","South Vancouver Island",1,2023,2023-01-01,2.69216860215054
"904","South Vancouver Island",2,2018,2018-02-01,2.34408456221198
"905","South Vancouver Island",2,2019,2019-02-01,2.60058652073733
"906","South Vancouver Island",2,2020,2020-02-01,2.62480827397059
"907","South Vancouver Island",2,2021,2021-02-01,1.24393847926267
"908","South Vancouver Island",2,2022,2022-02-01,2.32027816954239
"909","South Vancouver Island",2,2023,2023-02-01,2.04937165898618
"910","South Vancouver Island",3,2018,2018-03-01,3.3131121748179
"911","South Vancouver Island",3,2019,2019-03-01,4.4643017928188
"912","South Vancouver Island",3,2020,2020-03-01,1.66797752341311
"913","South Vancouver Island",3,2021,2021-03-01,2.31750926118626
"914","South Vancouver Island",3,2022,2022-03-01,2.74490161290323
"915","South Vancouver Island",3,2023,2023-03-01,1.71948532778356
"916","South Vancouver Island",4,2018,2018-04-01,2.07145881986228
"917","South Vancouver Island",4,2019,2019-04-01,1.73808790342926
"918","South Vancouver Island",4,2020,2020-04-01,1.65179462365591
"919","South Vancouver Island",4,2021,2021-04-01,1.54982086021505
"920","South Vancouver Island",4,2022,2022-04-01,1.01789333333333
"921","South Vancouver Island",4,2023,2023-04-01,1.29701577060932
"922","South Vancouver Island",5,2018,2018-05-01,3.31626056191467
"923","South Vancouver Island",5,2019,2019-05-01,2.376098855359
"924","South Vancouver Island",5,2020,2020-05-01,1.66631904266389
"925","South Vancouver Island",5,2021,2021-05-01,1.48337065556712
"926","South Vancouver Island",5,2022,2022-05-01,1.25414012903226
"927","South Vancouver Island",5,2023,2023-05-01,1.64968732718894
"928","South Vancouver Island",6,2018,2018-06-01,1.48066387096774
"929","South Vancouver Island",6,2019,2019-06-01,1.2727976344086
"930","South Vancouver Island",6,2020,2020-06-01,1.21831591397849
"931","South Vancouver Island",6,2021,2021-06-01,1.45227688172043
"932","South Vancouver Island",6,2022,2022-06-01,1.07849758064516
"933","South Vancouver Island",6,2023,2023-06-01,0.987624850657109
"934","South Vancouver Island",7,2018,2018-07-01,3.40664956168167
"935","South Vancouver Island",7,2019,2019-07-01,0.870481127974827
"936","South Vancouver Island",7,2020,2020-07-01,1.11079812695109
"937","South Vancouver Island",7,2021,2021-07-01,1.40723163371488
"938","South Vancouver Island",7,2022,2022-07-01,1.51929867172676
"939","South Vancouver Island",7,2023,2023-07-01,0.858638470728793
"940","South Vancouver Island",8,2018,2018-08-01,4.24759063475546
"941","South Vancouver Island",8,2019,2019-08-01,1.28680380762519
"942","South Vancouver Island",8,2020,2020-08-01,1.25990280957336
"943","South Vancouver Island",8,2021,2021-08-01,1.60992195629553
"944","South Vancouver Island",8,2022,2022-08-01,2.02252118912081
"945","South Vancouver Island",8,2023,2023-08-01,1.33858001364786
"946","South Vancouver Island",9,2018,2018-09-01,2.07312752688172
"947","South Vancouver Island",9,2019,2019-09-01,1.39217569892473
"948","South Vancouver Island",9,2020,2020-09-01,2.15922752688172
"949","South Vancouver Island",9,2021,2021-09-01,1.75579053763441
"950","South Vancouver Island",9,2022,2022-09-01,1.66365463280714
"951","South Vancouver Island",9,2023,2023-09-01,1.38771212458287
"952","South Vancouver Island",10,2018,2018-10-01,4.385595421436
"953","South Vancouver Island",10,2019,2019-10-01,2.25005140478668
"954","South Vancouver Island",10,2020,2020-10-01,2.30027700312175
"955","South Vancouver Island",10,2021,2021-10-01,1.59775712799168
"956","South Vancouver Island",10,2022,2022-10-01,2.88287478604345
"957","South Vancouver Island",11,2018,2018-11-01,2.67884731182796
"958","South Vancouver Island",11,2019,2019-11-01,3.0961288172043
"959","South Vancouver Island",11,2020,2020-11-01,2.0956064516129
"960","South Vancouver Island",11,2021,2021-11-01,1.70737225806452
"961","South Vancouver Island",11,2022,2022-11-01,2.38118252688172
"962","South Vancouver Island",12,2018,2018-12-01,2.22202705515088
"963","South Vancouver Island",12,2019,2019-12-01,3.25904807492196
"964","South Vancouver Island",12,2020,2020-12-01,3.13523142559834
"965","South Vancouver Island",12,2021,2021-12-01,1.27976581685744
"966","South Vancouver Island",12,2022,2022-12-01,1.65706818469323
"967","Thompson Cariboo Shuswap",1,2018,2018-01-01,0.688884096995308
"968","Thompson Cariboo Shuswap",1,2019,2019-01-01,0.683550789868069
"969","Thompson Cariboo Shuswap",1,2020,2020-01-01,0.420852001081001
"970","Thompson Cariboo Shuswap",1,2021,2021-01-01,0.582871920988625
"971","Thompson Cariboo Shuswap",1,2022,2022-01-01,0.843672759583651
"972","Thompson Cariboo Shuswap",1,2023,2023-01-01,0.472206773292714
"973","Thompson Cariboo Shuswap",2,2018,2018-02-01,0.477836182134697
"974","Thompson Cariboo Shuswap",2,2019,2019-02-01,0.50067787237515
"975","Thompson Cariboo Shuswap",2,2020,2020-02-01,0.523421228027183
"976","Thompson Cariboo Shuswap",2,2021,2021-02-01,0.380983059514743
"977","Thompson Cariboo Shuswap",2,2022,2022-02-01,0.584650943162295
"978","Thompson Cariboo Shuswap",2,2023,2023-02-01,0.400938385376999
"979","Thompson Cariboo Shuswap",3,2018,2018-03-01,0.611997729897059
"980","Thompson Cariboo Shuswap",3,2019,2019-03-01,1.3324370161082
"981","Thompson Cariboo Shuswap",3,2020,2020-03-01,0.629246768051495
"982","Thompson Cariboo Shuswap",3,2021,2021-03-01,0.526947630395794
"983","Thompson Cariboo Shuswap",3,2022,2022-03-01,0.70524862274689
"984","Thompson Cariboo Shuswap",3,2023,2023-03-01,0.551962641574331
"985","Thompson Cariboo Shuswap",4,2018,2018-04-01,0.646866282375284
"986","Thompson Cariboo Shuswap",4,2019,2019-04-01,0.578875883676413
"987","Thompson Cariboo Shuswap",4,2020,2020-04-01,0.637839345011424
"988","Thompson Cariboo Shuswap",4,2021,2021-04-01,0.70174581873572
"989","Thompson Cariboo Shuswap",4,2022,2022-04-01,0.389394316662436
"990","Thompson Cariboo Shuswap",4,2023,2023-04-01,0.576664438238696
"991","Thompson Cariboo Shuswap",5,2018,2018-05-01,1.3724273345945
"992","Thompson Cariboo Shuswap",5,2019,2019-05-01,0.876371744097487
"993","Thompson Cariboo Shuswap",5,2020,2020-05-01,0.773523981033339
"994","Thompson Cariboo Shuswap",5,2021,2021-05-01,0.646344672382871
"995","Thompson Cariboo Shuswap",5,2022,2022-05-01,0.512298351865956
"996","Thompson Cariboo Shuswap",5,2023,2023-05-01,1.37171549885758
"997","Thompson Cariboo Shuswap",6,2018,2018-06-01,0.657072038588474
"998","Thompson Cariboo Shuswap",6,2019,2019-06-01,0.690127844630617
"999","Thompson Cariboo Shuswap",6,2020,2020-06-01,0.575685153592282
"1000","Thompson Cariboo Shuswap",6,2021,2021-06-01,0.668840484894643
"1001","Thompson Cariboo Shuswap",6,2022,2022-06-01,0.442844833714141
"1002","Thompson Cariboo Shuswap",6,2023,2023-06-01,0.737935826916025
"1003","Thompson Cariboo Shuswap",7,2018,2018-07-01,0.672313666649763
"1004","Thompson Cariboo Shuswap",7,2019,2019-07-01,0.605375515723055
"1005","Thompson Cariboo Shuswap",7,2020,2020-07-01,0.654894882441098
"1006","Thompson Cariboo Shuswap",7,2021,2021-07-01,1.12366175466182
"1007","Thompson Cariboo Shuswap",7,2022,2022-07-01,0.731007887938115
"1008","Thompson Cariboo Shuswap",7,2023,2023-07-01,0.713729852472427
"1009","Thompson Cariboo Shuswap",8,2018,2018-08-01,1.45934880475641
"1010","Thompson Cariboo Shuswap",8,2019,2019-08-01,0.860424295613315
"1011","Thompson Cariboo Shuswap",8,2020,2020-08-01,0.920915760509053
"1012","Thompson Cariboo Shuswap",8,2021,2021-08-01,1.04943160946368
"1013","Thompson Cariboo Shuswap",8,2022,2022-08-01,2.07035507967086
"1014","Thompson Cariboo Shuswap",8,2023,2023-08-01,0.874764253793963
"1015","Thompson Cariboo Shuswap",9,2018,2018-09-01,0.473078786494034
"1016","Thompson Cariboo Shuswap",9,2019,2019-09-01,0.895364031480071
"1017","Thompson Cariboo Shuswap",9,2020,2020-09-01,1.10098623000762
"1018","Thompson Cariboo Shuswap",9,2021,2021-09-01,0.646704722010663
"1019","Thompson Cariboo Shuswap",9,2022,2022-09-01,1.03931430701172
"1020","Thompson Cariboo Shuswap",9,2023,2023-09-01,0.763912918559761
"1021","Thompson Cariboo Shuswap",10,2018,2018-10-01,1.3721748274083
"1022","Thompson Cariboo Shuswap",10,2019,2019-10-01,0.461355669115299
"1023","Thompson Cariboo Shuswap",10,2020,2020-10-01,0.644407847087438
"1024","Thompson Cariboo Shuswap",10,2021,2021-10-01,0.446554593027541
"1025","Thompson Cariboo Shuswap",10,2022,2022-10-01,1.39066702519546
"1026","Thompson Cariboo Shuswap",11,2018,2018-11-01,0.420039253617669
"1027","Thompson Cariboo Shuswap",11,2019,2019-11-01,0.65403678090886
"1028","Thompson Cariboo Shuswap",11,2020,2020-11-01,0.382502427011932
"1029","Thompson Cariboo Shuswap",11,2021,2021-11-01,0.361760781924346
"1030","Thompson Cariboo Shuswap",11,2022,2022-11-01,0.556071566387408
"1031","Thompson Cariboo Shuswap",12,2018,2018-12-01,0.381431127926688
"1032","Thompson Cariboo Shuswap",12,2019,2019-12-01,0.524679320934575
"1033","Thompson Cariboo Shuswap",12,2020,2020-12-01,0.605990359432966
"1034","Thompson Cariboo Shuswap",12,2021,2021-12-01,0.296315172100337
"1035","Thompson Cariboo Shuswap",12,2022,2022-12-01,0.382873604826546
"1036","Vancouver",1,2018,2018-01-01,11.0508290322581
"1037","Vancouver",1,2019,2019-01-01,15.0035709677419
"1038","Vancouver",1,2020,2020-01-01,6.43086129032258
"1039","Vancouver",1,2021,2021-01-01,10.4848774193548
"1040","Vancouver",1,2022,2022-01-01,15.5261523809524
"1041","Vancouver",1,2023,2023-01-01,12.1687733333333
"1042","Vancouver",2,2018,2018-02-01,9.504575
"1043","Vancouver",2,2019,2019-02-01,8.86907857142857
"1044","Vancouver",2,2020,2020-02-01,9.84593852981041
"1045","Vancouver",2,2021,2021-02-01,6.82953928571429
"1046","Vancouver",2,2022,2022-02-01,11.7779488372093
"1047","Vancouver",2,2023,2023-02-01,8.39376428571429
"1048","Vancouver",3,2018,2018-03-01,7.64867741935484
"1049","Vancouver",3,2019,2019-03-01,7.75394341612785
"1050","Vancouver",3,2020,2020-03-01,7.02857419354839
"1051","Vancouver",3,2021,2021-03-01,7.98741290322581
"1052","Vancouver",3,2022,2022-03-01,10.9412125
"1053","Vancouver",3,2023,2023-03-01,9.18413870967742
"1054","Vancouver",4,2018,2018-04-01,5.97551957255046
"1055","Vancouver",4,2019,2019-04-01,5.30136500020345
"1056","Vancouver",4,2020,2020-04-01,6.62269666666667
"1057","Vancouver",4,2021,2021-04-01,6.79655333333333
"1058","Vancouver",4,2022,2022-04-01,6.24024
"1059","Vancouver",4,2023,2023-04-01,7.28080740740741
"1060","Vancouver",5,2018,2018-05-01,9.30392580645161
"1061","Vancouver",5,2019,2019-05-01,6.63715483870968
"1062","Vancouver",5,2020,2020-05-01,5.91927741935484
"1063","Vancouver",5,2021,2021-05-01,5.56611290322581
"1064","Vancouver",5,2022,2022-05-01,6.756444
"1065","Vancouver",5,2023,2023-05-01,8.222275
"1066","Vancouver",6,2018,2018-06-01,5.35042666666667
"1067","Vancouver",6,2019,2019-06-01,5.35976333333333
"1068","Vancouver",6,2020,2020-06-01,6.06296
"1069","Vancouver",6,2021,2021-06-01,5.92383333333333
"1070","Vancouver",6,2022,2022-06-01,6.2822
"1071","Vancouver",6,2023,2023-06-01,6.73037777777778
"1072","Vancouver",7,2018,2018-07-01,7.73944623181695
"1073","Vancouver",7,2019,2019-07-01,4.82294876585204
"1074","Vancouver",7,2020,2020-07-01,5.19383870967742
"1075","Vancouver",7,2021,2021-07-01,7.13598709677419
"1076","Vancouver",7,2022,2022-07-01,10.3575294117647
"1077","Vancouver",7,2023,2023-07-01,6.68625185185185
"1078","Vancouver",8,2018,2018-08-01,12.7078387096774
"1079","Vancouver",8,2019,2019-08-01,5.82144844862415
"1080","Vancouver",8,2020,2020-08-01,6.20975161290323
"1081","Vancouver",8,2021,2021-08-01,7.02693548387097
"1082","Vancouver",8,2022,2022-08-01,10.4664
"1083","Vancouver",8,2023,2023-08-01,7.1603509813898
"1084","Vancouver",9,2018,2018-09-01,7.58676666666667
"1085","Vancouver",9,2019,2019-09-01,6.53527333333333
"1086","Vancouver",9,2020,2020-09-01,8.36342
"1087","Vancouver",9,2021,2021-09-01,7.13409333333333
"1088","Vancouver",9,2022,2022-09-01,9.49196170212766
"1089","Vancouver",9,2023,2023-09-01,7.84338965517241
"1090","Vancouver",10,2018,2018-10-01,12.0380838709677
"1091","Vancouver",10,2019,2019-10-01,7.50840322580645
"1092","Vancouver",10,2020,2020-10-01,9.29344516129032
"1093","Vancouver",10,2021,2021-10-01,6.99811290322581
"1094","Vancouver",10,2022,2022-10-01,14.117187755102
"1095","Vancouver",11,2018,2018-11-01,10.41527
"1096","Vancouver",11,2019,2019-11-01,12.90978
"1097","Vancouver",11,2020,2020-11-01,8.94384666666667
"1098","Vancouver",11,2021,2021-11-01,8.95
"1099","Vancouver",11,2022,2022-11-01,12.232675
"1100","Vancouver",12,2018,2018-12-01,9.2062870967742
"1101","Vancouver",12,2019,2019-12-01,13.0279741935484
"1102","Vancouver",12,2020,2020-12-01,12.3794967741936
"1103","Vancouver",12,2021,2021-12-01,9.69658870967742
"1104","Vancouver",12,2022,2022-12-01,9.13957647058823
