"","HLTH_SERVICE_DLVR_AREA_CODE","year","month","monthly_smoke","date"
"1","11",2012,1,8.49178220090104,2012-01-01
"2","11",2012,2,9.06619427443501,2012-02-01
"3","11",2012,3,7.39491496688537,2012-03-01
"4","11",2012,4,6.37778831287501,2012-04-01
"5","11",2012,5,5.99716400502491,2012-05-01
"6","11",2012,6,5.75426805518194,2012-06-01
"7","11",2012,7,7.23751942728233,2012-07-01
"8","11",2012,8,6.74508414408348,2012-08-01
"9","11",2012,9,7.63539290704016,2012-09-01
"10","11",2012,10,7.04754489259018,2012-10-01
"11","11",2012,11,7.82588676674442,2012-11-01
"12","11",2012,12,7.80137723465391,2012-12-01
"13","11",2013,1,9.42486242003158,2013-01-01
"14","11",2013,2,8.96727855975196,2013-02-01
"15","11",2013,3,7.63222382901113,2013-03-01
"16","11",2013,4,6.2922590835277,2013-04-01
"17","11",2013,5,5.73094694254614,2013-05-01
"18","11",2013,6,5.71676893690681,2013-06-01
"19","11",2013,7,6.05434479053801,2013-07-01
"20","11",2013,8,8.3977492051336,2013-08-01
"21","11",2013,9,6.36637502064443,2013-09-01
"22","11",2013,10,8.59439501669061,2013-10-01
"23","11",2013,11,9.9185469023514,2013-11-01
"24","11",2013,12,8.78228414932908,2013-12-01
"25","11",2014,1,9.17205709000816,2014-01-01
"26","11",2014,2,8.45967230259163,2014-02-01
"27","11",2014,3,7.60959103018224,2014-03-01
"28","11",2014,4,6.33002835486343,2014-04-01
"29","11",2014,5,5.7426875139966,2014-05-01
"30","11",2014,6,5.41332740158017,2014-06-01
"31","11",2014,7,9.1607640721888,2014-07-01
"32","11",2014,8,11.9275076460361,2014-08-01
"33","11",2014,9,5.78004312192384,2014-09-01
"34","11",2014,10,7.20951555747263,2014-10-01
"35","11",2014,11,9.07688791822205,2014-11-01
"36","11",2014,12,9.16614208483546,2014-12-01
"37","11",2015,1,9.43408245067815,2015-01-01
"38","11",2015,2,8.52409304620261,2015-02-01
"39","11",2015,3,7.653186062081,2015-03-01
"40","11",2015,4,5.90026177529671,2015-04-01
"41","11",2015,5,5.99372173843819,2015-05-01
"42","11",2015,6,6.17284593517129,2015-06-01
"43","11",2015,7,9.16408361621176,2015-07-01
"44","11",2015,8,24.0811392316044,2015-08-01
"45","11",2015,9,6.49008358943344,2015-09-01
"46","11",2015,10,7.78534087785914,2015-10-01
"47","11",2015,11,9.30816678204951,2015-11-01
"48","11",2015,12,9.60362801635981,2015-12-01
"49","11",2016,1,9.45028085940541,2016-01-01
"50","11",2016,2,8.97441116183828,2016-02-01
"51","11",2016,3,7.60217338398314,2016-03-01
"52","11",2016,4,6.58706704574911,2016-04-01
"53","11",2016,5,6.25050215393466,2016-05-01
"54","11",2016,6,6.16931621923837,2016-06-01
"55","11",2016,7,5.7733260860586,2016-07-01
"56","11",2016,8,6.84813027689596,2016-08-01
"57","11",2016,9,6.14591511197175,2016-09-01
"58","11",2016,10,7.9165749835921,2016-10-01
"59","11",2016,11,9.8556583546539,2016-11-01
"60","11",2016,12,9.13344449837474,2016-12-01
"61","11",2017,1,9.32669589047939,2017-01-01
"62","11",2017,2,8.62826693970746,2017-02-01
"63","11",2017,3,7.77033532237509,2017-03-01
"64","11",2017,4,6.50759145845762,2017-04-01
"65","11",2017,5,6.4431835027528,2017-05-01
"66","11",2017,6,6.11483976000085,2017-06-01
"67","11",2017,7,10.0257162220008,2017-07-01
"68","11",2017,8,29.1191349671717,2017-08-01
"69","11",2017,9,33.1235490683374,2017-09-01
"70","11",2017,10,8.22288394848141,2017-10-01
"71","11",2017,11,9.1518282563629,2017-11-01
"72","11",2017,12,9.98621274779035,2017-12-01
"73","11",2018,1,8.8339099094645,2018-01-01
"74","11",2018,2,8.69047905915332,2018-02-01
"75","11",2018,3,8.28717551169643,2018-03-01
"76","11",2018,4,7.26935772055856,2018-04-01
"77","11",2018,5,6.49255742662397,2018-05-01
"78","11",2018,6,6.39361496746601,2018-06-01
"79","11",2018,7,8.78715420433641,2018-07-01
"80","11",2018,8,42.2508379505877,2018-08-01
"81","11",2018,9,9.31526430276108,2018-09-01
"82","11",2018,10,8.52018789643891,2018-10-01
"83","11",2018,11,9.62843120738581,2018-11-01
"84","11",2018,12,9.33583442817849,2018-12-01
"85","11",2019,1,8.95454813078919,2019-01-01
"86","11",2019,2,8.5005977790298,2019-02-01
"87","11",2019,3,8.05622236544597,2019-03-01
"88","11",2019,4,5.67916033687648,2019-04-01
"89","11",2019,5,7.24544925149622,2019-05-01
"90","11",2019,6,6.6210890698481,2019-06-01
"91","11",2019,7,8.00758319325566,2019-07-01
"92","11",2019,8,6.35865843125294,2019-08-01
"93","11",2019,9,5.78179027351732,2019-09-01
"94","11",2019,10,7.61964871665182,2019-10-01
"95","11",2019,11,9.86103796404467,2019-11-01
"96","11",2019,12,9.5827656723019,2019-12-01
"97","11",2020,1,9.09091797565603,2020-01-01
"98","11",2020,2,8.90746463928006,2020-02-01
"99","11",2020,3,7.59785139041233,2020-03-01
"100","11",2020,4,6.8243874904906,2020-04-01
"101","11",2020,5,5.76885803086532,2020-05-01
"102","11",2020,6,5.78068962836373,2020-06-01
"103","11",2020,7,6.28876783185724,2020-07-01
"104","11",2020,8,8.6384243111939,2020-08-01
"105","11",2020,9,17.577803945915,2020-09-01
"106","11",2020,10,7.83117255774917,2020-10-01
"107","11",2020,11,8.49889574691203,2020-11-01
"108","11",2020,12,9.71068215544039,2020-12-01
"109","11",2021,1,9.11994266798723,2021-01-01
"110","11",2021,2,8.73514525615475,2021-02-01
"111","11",2021,3,7.77801371961441,2021-03-01
"112","11",2021,4,6.43129187880528,2021-04-01
"113","11",2021,5,6.1322302324677,2021-05-01
"114","11",2021,6,6.08146869803023,2021-06-01
"115","11",2021,7,7.95580253360585,2021-07-01
"116","11",2021,8,15.7232875183912,2021-08-01
"117","11",2021,9,11.0970918037902,2021-09-01
"118","11",2021,10,7.83388951083912,2021-10-01
"119","11",2021,11,9.24425967233054,2021-11-01
"120","11",2021,12,9.21779118853538,2021-12-01
"121","11",2022,1,9.11994266798723,2022-01-01
"122","11",2022,2,8.73514525615475,2022-02-01
"123","11",2022,3,7.77801371961441,2022-03-01
"124","11",2022,4,6.43129187880528,2022-04-01
"125","11",2022,5,6.1322302324677,2022-05-01
"126","11",2022,6,6.08146869803023,2022-06-01
"127","11",2022,7,7.95580253360585,2022-07-01
"128","11",2022,8,15.7232875183912,2022-08-01
"129","11",2022,9,11.0970918037902,2022-09-01
"130","11",2022,10,7.83388951083912,2022-10-01
"131","11",2022,11,9.24425967233054,2022-11-01
"132","11",2022,12,9.21779118853538,2022-12-01
"133","12",2012,1,8.45264622676161,2012-01-01
"134","12",2012,2,8.88378144997454,2012-02-01
"135","12",2012,3,7.08775922116956,2012-03-01
"136","12",2012,4,6.28868713063148,2012-04-01
"137","12",2012,5,5.50731731759809,2012-05-01
"138","12",2012,6,5.51824362040013,2012-06-01
"139","12",2012,7,6.86762492075083,2012-07-01
"140","12",2012,8,6.38195774716447,2012-08-01
"141","12",2012,9,7.17985473903236,2012-09-01
"142","12",2012,10,5.83669590891467,2012-10-01
"143","12",2012,11,5.75465317729699,2012-11-01
"144","12",2012,12,5.59941908891082,2012-12-01
"145","12",2013,1,9.36084317095593,2013-01-01
"146","12",2013,2,8.85351397754708,2013-02-01
"147","12",2013,3,7.55823399507853,2013-03-01
"148","12",2013,4,6.02614180819036,2013-04-01
"149","12",2013,5,5.62572079862462,2013-05-01
"150","12",2013,6,5.31315357513493,2013-06-01
"151","12",2013,7,5.03427993402709,2013-07-01
"152","12",2013,8,6.54264618448531,2013-08-01
"153","12",2013,9,6.02595795708152,2013-09-01
"154","12",2013,10,7.62709294238965,2013-10-01
"155","12",2013,11,8.15630303171687,2013-11-01
"156","12",2013,12,7.44482864515982,2013-12-01
"157","12",2014,1,9.34423574986223,2014-01-01
"158","12",2014,2,8.63452349617818,2014-02-01
"159","12",2014,3,7.41755168464272,2014-03-01
"160","12",2014,4,5.94972960824369,2014-04-01
"161","12",2014,5,5.68613449527885,2014-05-01
"162","12",2014,6,4.69496664396616,2014-06-01
"163","12",2014,7,7.59384856652111,2014-07-01
"164","12",2014,8,9.48343429260184,2014-08-01
"165","12",2014,9,5.29766118672543,2014-09-01
"166","12",2014,10,6.3020238832881,2014-10-01
"167","12",2014,11,9.53880910541475,2014-11-01
"168","12",2014,12,8.37582417323493,2014-12-01
"169","12",2015,1,9.6635696813506,2015-01-01
"170","12",2015,2,8.7510712655625,2015-02-01
"171","12",2015,3,7.541318319594,2015-03-01
"172","12",2015,4,5.58925805075542,2015-04-01
"173","12",2015,5,5.99341420157125,2015-05-01
"174","12",2015,6,6.02865143101111,2015-06-01
"175","12",2015,7,10.2566621717252,2015-07-01
"176","12",2015,8,33.1694289368221,2015-08-01
"177","12",2015,9,6.71008998113872,2015-09-01
"178","12",2015,10,7.94725823241761,2015-10-01
"179","12",2015,11,10.1526853644212,2015-11-01
"180","12",2015,12,9.55090736402043,2015-12-01
"181","12",2016,1,9.31957741597934,2016-01-01
"182","12",2016,2,9.11596390847883,2016-02-01
"183","12",2016,3,7.44881368454472,2016-03-01
"184","12",2016,4,6.66854263651581,2016-04-01
"185","12",2016,5,5.57453087359412,2016-05-01
"186","12",2016,6,5.26216411870806,2016-06-01
"187","12",2016,7,4.89003704834015,2016-07-01
"188","12",2016,8,6.01175061060801,2016-08-01
"189","12",2016,9,5.34977642641042,2016-09-01
"190","12",2016,10,7.6427684496198,2016-10-01
"191","12",2016,11,9.2177599284129,2016-11-01
"192","12",2016,12,9.06716362521669,2016-12-01
"193","12",2017,1,9.34036589723968,2017-01-01
"194","12",2017,2,8.76756233519885,2017-02-01
"195","12",2017,3,7.69330938341248,2017-03-01
"196","12",2017,4,6.28549081474864,2017-04-01
"197","12",2017,5,6.17582912802346,2017-05-01
"198","12",2017,6,5.36825205252859,2017-06-01
"199","12",2017,7,9.33516470663571,2017-07-01
"200","12",2017,8,26.7950193741948,2017-08-01
"201","12",2017,9,20.7155444106705,2017-09-01
"202","12",2017,10,9.56665038281838,2017-10-01
"203","12",2017,11,10.372201685887,2017-11-01
"204","12",2017,12,10.6853045495044,2017-12-01
"205","12",2018,1,8.59726452684015,2018-01-01
"206","12",2018,2,8.69365547957323,2018-02-01
"207","12",2018,3,7.90309861561041,2018-03-01
"208","12",2018,4,7.73146650307892,2018-04-01
"209","12",2018,5,7.24015228288149,2018-05-01
"210","12",2018,6,5.98887218334513,2018-06-01
"211","12",2018,7,8.75433003788074,2018-07-01
"212","12",2018,8,78.0201991969808,2018-08-01
"213","12",2018,9,22.8316448001218,2018-09-01
"214","12",2018,10,10.8610021851083,2018-10-01
"215","12",2018,11,10.2712096678718,2018-11-01
"216","12",2018,12,9.32046289395596,2018-12-01
"217","12",2019,1,9.11661508822115,2019-01-01
"218","12",2019,2,8.90333519879785,2019-02-01
"219","12",2019,3,8.29335726417061,2019-03-01
"220","12",2019,4,6.0290932662564,2019-04-01
"221","12",2019,5,6.80367983351231,2019-05-01
"222","12",2019,6,5.58135212358263,2019-06-01
"223","12",2019,7,7.51252518307072,2019-07-01
"224","12",2019,8,6.10723639456941,2019-08-01
"225","12",2019,9,5.4607406936136,2019-09-01
"226","12",2019,10,8.13231687715237,2019-10-01
"227","12",2019,11,11.1347399081473,2019-11-01
"228","12",2019,12,9.65929025292063,2019-12-01
"229","12",2020,1,8.82785013390895,2020-01-01
"230","12",2020,2,8.7832333716159,2020-02-01
"231","12",2020,3,7.69821209758351,2020-03-01
"232","12",2020,4,6.8916443830301,2020-04-01
"233","12",2020,5,5.65798780924276,2020-05-01
"234","12",2020,6,5.70762638838198,2020-06-01
"235","12",2020,7,6.27696197429021,2020-07-01
"236","12",2020,8,7.80006204961827,2020-08-01
"237","12",2020,9,15.8352139512798,2020-09-01
"238","12",2020,10,8.21326632807354,2020-10-01
"239","12",2020,11,9.01791271148383,2020-11-01
"240","12",2020,12,10.1442700988489,2020-12-01
"241","12",2021,1,9.1330525643603,2021-01-01
"242","12",2021,2,8.73987211730293,2021-02-01
"243","12",2021,3,7.69754442333806,2021-03-01
"244","12",2021,4,6.40454692352378,2021-04-01
"245","12",2021,5,5.99972158496745,2021-05-01
"246","12",2021,6,5.5397478384516,2021-06-01
"247","12",2021,7,7.5533149929101,2021-07-01
"248","12",2021,8,19.7931107064808,2021-08-01
"249","12",2021,9,10.6597056176598,2021-09-01
"250","12",2021,10,8.02646781680172,2021-10-01
"251","12",2021,11,9.29147854006471,2021-11-01
"252","12",2021,12,8.82566436631528,2021-12-01
"253","12",2022,1,9.1330525643603,2022-01-01
"254","12",2022,2,8.73987211730293,2022-02-01
"255","12",2022,3,7.69754442333806,2022-03-01
"256","12",2022,4,6.40454692352378,2022-04-01
"257","12",2022,5,5.99972158496745,2022-05-01
"258","12",2022,6,5.5397478384516,2022-06-01
"259","12",2022,7,7.5533149929101,2022-07-01
"260","12",2022,8,19.7931107064808,2022-08-01
"261","12",2022,9,10.6597056176598,2022-09-01
"262","12",2022,10,8.02646781680172,2022-10-01
"263","12",2022,11,9.29147854006471,2022-11-01
"264","12",2022,12,8.82566436631528,2022-12-01
"265","13",2012,1,7.7438141543437,2012-01-01
"266","13",2012,2,8.40846750238348,2012-02-01
"267","13",2012,3,6.27875079618118,2012-03-01
"268","13",2012,4,5.94437134769242,2012-04-01
"269","13",2012,5,5.64926910540078,2012-05-01
"270","13",2012,6,5.38903187872959,2012-06-01
"271","13",2012,7,7.9669757453695,2012-07-01
"272","13",2012,8,6.6694137250374,2012-08-01
"273","13",2012,9,7.5577077836958,2012-09-01
"274","13",2012,10,6.72418073701809,2012-10-01
"275","13",2012,11,7.86824377058396,2012-11-01
"276","13",2012,12,6.09754195628462,2012-12-01
"277","13",2013,1,8.67590171284665,2013-01-01
"278","13",2013,2,7.98663801640743,2013-02-01
"279","13",2013,3,6.93863237692962,2013-03-01
"280","13",2013,4,5.68870773273041,2013-04-01
"281","13",2013,5,6.07022360545993,2013-05-01
"282","13",2013,6,5.3578288327974,2013-06-01
"283","13",2013,7,5.42078601740884,2013-07-01
"284","13",2013,8,6.93851820475476,2013-08-01
"285","13",2013,9,6.67292973527484,2013-09-01
"286","13",2013,10,7.90098358425921,2013-10-01
"287","13",2013,11,9.44879723536942,2013-11-01
"288","13",2013,12,6.31460004948529,2013-12-01
"289","13",2014,1,9.33826167510266,2014-01-01
"290","13",2014,2,8.30137257407002,2014-02-01
"291","13",2014,3,6.84300126005973,2014-03-01
"292","13",2014,4,5.75618785166198,2014-04-01
"293","13",2014,5,5.2005099743844,2014-05-01
"294","13",2014,6,4.79126305453386,2014-06-01
"295","13",2014,7,7.8282037408637,2014-07-01
"296","13",2014,8,9.91782364332263,2014-08-01
"297","13",2014,9,5.65589917537692,2014-09-01
"298","13",2014,10,7.2988279016215,2014-10-01
"299","13",2014,11,11.279520232081,2014-11-01
"300","13",2014,12,10.0561538796319,2014-12-01
"301","13",2015,1,8.76009943515115,2015-01-01
"302","13",2015,2,8.44886388869957,2015-02-01
"303","13",2015,3,8.37216866064522,2015-03-01
"304","13",2015,4,6.04685763778587,2015-04-01
"305","13",2015,5,6.44229596863209,2015-05-01
"306","13",2015,6,6.25155307894881,2015-06-01
"307","13",2015,7,9.19738753797335,2015-07-01
"308","13",2015,8,26.8661906108533,2015-08-01
"309","13",2015,9,6.01029419700564,2015-09-01
"310","13",2015,10,7.96374275737578,2015-10-01
"311","13",2015,11,10.5202955046207,2015-11-01
"312","13",2015,12,8.59377617333495,2015-12-01
"313","13",2016,1,9.08452214396872,2016-01-01
"314","13",2016,2,8.17074934074299,2016-02-01
"315","13",2016,3,6.83604455531152,2016-03-01
"316","13",2016,4,6.54748218845811,2016-04-01
"317","13",2016,5,5.19686153938527,2016-05-01
"318","13",2016,6,5.0717536908894,2016-06-01
"319","13",2016,7,4.6935108791163,2016-07-01
"320","13",2016,8,5.80093075211604,2016-08-01
"321","13",2016,9,6.0427572167299,2016-09-01
"322","13",2016,10,7.72261052050723,2016-10-01
"323","13",2016,11,9.35435142921591,2016-11-01
"324","13",2016,12,8.48569688739336,2016-12-01
"325","13",2017,1,8.59059989678634,2017-01-01
"326","13",2017,2,8.58330268663932,2017-02-01
"327","13",2017,3,6.63073890143989,2017-03-01
"328","13",2017,4,5.57917389318123,2017-04-01
"329","13",2017,5,5.74614954069843,2017-05-01
"330","13",2017,6,5.39078237062937,2017-06-01
"331","13",2017,7,16.4674939947822,2017-07-01
"332","13",2017,8,31.5226857323976,2017-08-01
"333","13",2017,9,17.2796974187637,2017-09-01
"334","13",2017,10,8.64986054217593,2017-10-01
"335","13",2017,11,10.4057573508294,2017-11-01
"336","13",2017,12,7.76819612880518,2017-12-01
"337","13",2018,1,8.11590479456529,2018-01-01
"338","13",2018,2,8.17382942157105,2018-02-01
"339","13",2018,3,7.78765364678552,2018-03-01
"340","13",2018,4,6.32407299283358,2018-04-01
"341","13",2018,5,6.62888138823264,2018-05-01
"342","13",2018,6,5.90496065597434,2018-06-01
"343","13",2018,7,10.0709903164002,2018-07-01
"344","13",2018,8,61.098643293111,2018-08-01
"345","13",2018,9,8.78431359363594,2018-09-01
"346","13",2018,10,10.5221253708449,2018-10-01
"347","13",2018,11,10.1321014055766,2018-11-01
"348","13",2018,12,8.42323572958614,2018-12-01
"349","13",2019,1,8.5063724864368,2019-01-01
"350","13",2019,2,8.42343383047819,2019-02-01
"351","13",2019,3,8.88367377983778,2019-03-01
"352","13",2019,4,6.08629695972695,2019-04-01
"353","13",2019,5,6.69669135891926,2019-05-01
"354","13",2019,6,5.13588800121687,2019-06-01
"355","13",2019,7,6.95089986436342,2019-07-01
"356","13",2019,8,6.75057977800912,2019-08-01
"357","13",2019,9,5.69237324395734,2019-09-01
"358","13",2019,10,7.35241412001063,2019-10-01
"359","13",2019,11,10.8158197190952,2019-11-01
"360","13",2019,12,9.09342604737956,2019-12-01
"361","13",2020,1,7.86800027783101,2020-01-01
"362","13",2020,2,7.56510369036677,2020-02-01
"363","13",2020,3,7.05310020316006,2020-03-01
"364","13",2020,4,5.82971504190637,2020-04-01
"365","13",2020,5,5.60368310946265,2020-05-01
"366","13",2020,6,5.61795288796352,2020-06-01
"367","13",2020,7,6.5566749000278,2020-07-01
"368","13",2020,8,7.63631880653102,2020-08-01
"369","13",2020,9,16.5747380882847,2020-09-01
"370","13",2020,10,7.84418213794058,2020-10-01
"371","13",2020,11,7.90878345081662,2020-11-01
"372","13",2020,12,9.13013836644936,2020-12-01
"373","13",2021,1,8.55798742745237,2021-01-01
"374","13",2021,2,8.15739187250529,2021-02-01
"375","13",2021,3,7.34265996857719,2021-03-01
"376","13",2021,4,5.9945305572932,2021-04-01
"377","13",2021,5,5.84235937221534,2021-05-01
"378","13",2021,6,5.51659476067645,2021-06-01
"379","13",2021,7,8.36046086593582,2021-07-01
"380","13",2021,8,17.9378979454491,2021-08-01
"381","13",2021,9,9.05490891801492,2021-09-01
"382","13",2021,10,7.95200051571168,2021-10-01
"383","13",2021,11,9.77259518582929,2021-11-01
"384","13",2021,12,8.23774645153472,2021-12-01
"385","13",2022,1,8.55798742745237,2022-01-01
"386","13",2022,2,8.15739187250529,2022-02-01
"387","13",2022,3,7.34265996857719,2022-03-01
"388","13",2022,4,5.9945305572932,2022-04-01
"389","13",2022,5,5.84235937221534,2022-05-01
"390","13",2022,6,5.51659476067645,2022-06-01
"391","13",2022,7,8.36046086593582,2022-07-01
"392","13",2022,8,17.9378979454491,2022-08-01
"393","13",2022,9,9.05490891801492,2022-09-01
"394","13",2022,10,7.95200051571168,2022-10-01
"395","13",2022,11,9.77259518582929,2022-11-01
"396","13",2022,12,8.23774645153472,2022-12-01
"397","14",2012,1,8.06751535749624,2012-01-01
"398","14",2012,2,8.86996400203478,2012-02-01
"399","14",2012,3,6.57197804363274,2012-03-01
"400","14",2012,4,5.96575573147003,2012-04-01
"401","14",2012,5,6.38921854190068,2012-05-01
"402","14",2012,6,5.70537757266436,2012-06-01
"403","14",2012,7,9.46100195339729,2012-07-01
"404","14",2012,8,7.8278903916167,2012-08-01
"405","14",2012,9,8.75764886249998,2012-09-01
"406","14",2012,10,7.60891784677729,2012-10-01
"407","14",2012,11,9.54687457687745,2012-11-01
"408","14",2012,12,8.82977842332986,2012-12-01
"409","14",2013,1,8.894602476687,2013-01-01
"410","14",2013,2,8.30525448116227,2013-02-01
"411","14",2013,3,7.41792083153987,2013-03-01
"412","14",2013,4,6.03409921708417,2013-04-01
"413","14",2013,5,6.29275960372646,2013-05-01
"414","14",2013,6,5.69412733299739,2013-06-01
"415","14",2013,7,6.66400248835179,2013-07-01
"416","14",2013,8,7.19899239256387,2013-08-01
"417","14",2013,9,7.12379832473708,2013-09-01
"418","14",2013,10,8.59960126112621,2013-10-01
"419","14",2013,11,12.0943104550384,2013-11-01
"420","14",2013,12,9.94538769048464,2013-12-01
"421","14",2014,1,9.54716113085711,2014-01-01
"422","14",2014,2,8.27212117690366,2014-02-01
"423","14",2014,3,7.07782321079313,2014-03-01
"424","14",2014,4,5.85298491661779,2014-04-01
"425","14",2014,5,5.90531521274803,2014-05-01
"426","14",2014,6,5.53457333198837,2014-06-01
"427","14",2014,7,11.1980851582209,2014-07-01
"428","14",2014,8,11.2965749276717,2014-08-01
"429","14",2014,9,6.54509784147536,2014-09-01
"430","14",2014,10,7.4169144640801,2014-10-01
"431","14",2014,11,12.9042529959466,2014-11-01
"432","14",2014,12,10.2671965538523,2014-12-01
"433","14",2015,1,8.99792690324758,2015-01-01
"434","14",2015,2,8.24358346366652,2015-02-01
"435","14",2015,3,7.90310145807627,2015-03-01
"436","14",2015,4,6.00524498204673,2015-04-01
"437","14",2015,5,6.55401167550097,2015-05-01
"438","14",2015,6,6.78102283112256,2015-06-01
"439","14",2015,7,9.63412344600611,2015-07-01
"440","14",2015,8,13.565205472996,2015-08-01
"441","14",2015,9,6.44897408744977,2015-09-01
"442","14",2015,10,8.36763047493319,2015-10-01
"443","14",2015,11,10.6571942856395,2015-11-01
"444","14",2015,12,8.63326372751028,2015-12-01
"445","14",2016,1,8.73824316369732,2016-01-01
"446","14",2016,2,8.34415936335482,2016-02-01
"447","14",2016,3,6.73667249295775,2016-03-01
"448","14",2016,4,7.02984146080128,2016-04-01
"449","14",2016,5,6.35866202238773,2016-05-01
"450","14",2016,6,5.5337420579333,2016-06-01
"451","14",2016,7,5.38957850894381,2016-07-01
"452","14",2016,8,5.92644615182989,2016-08-01
"453","14",2016,9,7.0483295378485,2016-09-01
"454","14",2016,10,8.42695827285574,2016-10-01
"455","14",2016,11,9.49650424186698,2016-11-01
"456","14",2016,12,9.28613708017811,2016-12-01
"457","14",2017,1,8.49405425818557,2017-01-01
"458","14",2017,2,8.63960080973763,2017-02-01
"459","14",2017,3,6.77378144671715,2017-03-01
"460","14",2017,4,5.85321604571775,2017-04-01
"461","14",2017,5,6.13492765729945,2017-05-01
"462","14",2017,6,5.6897297345003,2017-06-01
"463","14",2017,7,36.8853481899987,2017-07-01
"464","14",2017,8,53.5300342616875,2017-08-01
"465","14",2017,9,15.6016550142759,2017-09-01
"466","14",2017,10,8.19725005498533,2017-10-01
"467","14",2017,11,9.80045652581434,2017-11-01
"468","14",2017,12,8.83927641373031,2017-12-01
"469","14",2018,1,8.32129930791232,2018-01-01
"470","14",2018,2,8.18536855526954,2018-02-01
"471","14",2018,3,7.98928666181602,2018-03-01
"472","14",2018,4,6.37776657221778,2018-04-01
"473","14",2018,5,6.74133733927654,2018-05-01
"474","14",2018,6,6.4169977947163,2018-06-01
"475","14",2018,7,9.03865631256614,2018-07-01
"476","14",2018,8,51.0964485900159,2018-08-01
"477","14",2018,9,8.44081637370032,2018-09-01
"478","14",2018,10,10.3975138472318,2018-10-01
"479","14",2018,11,10.5497296099902,2018-11-01
"480","14",2018,12,8.54704976450772,2018-12-01
"481","14",2019,1,8.56909972216087,2019-01-01
"482","14",2019,2,8.46010577867526,2019-02-01
"483","14",2019,3,9.18889715908218,2019-03-01
"484","14",2019,4,6.11938247751238,2019-04-01
"485","14",2019,5,7.30077479458042,2019-05-01
"486","14",2019,6,5.60108449376659,2019-06-01
"487","14",2019,7,7.78620167198025,2019-07-01
"488","14",2019,8,6.94993529333716,2019-08-01
"489","14",2019,9,5.88277891864946,2019-09-01
"490","14",2019,10,7.43811665266512,2019-10-01
"491","14",2019,11,10.3032000493139,2019-11-01
"492","14",2019,12,9.34734066560168,2019-12-01
"493","14",2020,1,7.79498004983276,2020-01-01
"494","14",2020,2,7.75694754393359,2020-02-01
"495","14",2020,3,7.1879844404087,2020-03-01
"496","14",2020,4,5.9183037200112,2020-04-01
"497","14",2020,5,5.61683343599761,2020-05-01
"498","14",2020,6,5.73876234662302,2020-06-01
"499","14",2020,7,6.5405309220939,2020-07-01
"500","14",2020,8,6.59436742752563,2020-08-01
"501","14",2020,9,13.7007619821767,2020-09-01
"502","14",2020,10,7.87619040956864,2020-10-01
"503","14",2020,11,7.73563230583008,2020-11-01
"504","14",2020,12,9.34391582146818,2020-12-01
"505","14",2021,1,8.63080018285135,2021-01-01
"506","14",2021,2,8.29487363160841,2021-02-01
"507","14",2021,3,7.46451385972072,2021-03-01
"508","14",2021,4,6.15278561429979,2021-04-01
"509","14",2021,5,6.28403297216846,2021-05-01
"510","14",2021,6,5.94831990040607,2021-06-01
"511","14",2021,7,11.5443722707981,2021-07-01
"512","14",2021,8,18.1221425394817,2021-08-01
"513","14",2021,9,8.71946329786618,2021-09-01
"514","14",2021,10,8.23142179716582,2021-10-01
"515","14",2021,11,10.3409744153326,2021-11-01
"516","14",2021,12,9.24181381728358,2021-12-01
"517","14",2022,1,8.63080018285135,2022-01-01
"518","14",2022,2,8.29487363160841,2022-02-01
"519","14",2022,3,7.46451385972072,2022-03-01
"520","14",2022,4,6.15278561429979,2022-04-01
"521","14",2022,5,6.28403297216846,2022-05-01
"522","14",2022,6,5.94831990040607,2022-06-01
"523","14",2022,7,11.5443722707981,2022-07-01
"524","14",2022,8,18.1221425394817,2022-08-01
"525","14",2022,9,8.71946329786618,2022-09-01
"526","14",2022,10,8.23142179716582,2022-10-01
"527","14",2022,11,10.3409744153326,2022-11-01
"528","14",2022,12,9.24181381728358,2022-12-01
"529","21",2012,1,7.05523956445861,2012-01-01
"530","21",2012,2,6.84116468415137,2012-02-01
"531","21",2012,3,6.74743543614743,2012-03-01
"532","21",2012,4,6.08078792521328,2012-04-01
"533","21",2012,5,5.9418105876151,2012-05-01
"534","21",2012,6,5.64186919952559,2012-06-01
"535","21",2012,7,7.18494079590928,2012-07-01
"536","21",2012,8,6.96950860425389,2012-08-01
"537","21",2012,9,6.97680786165763,2012-09-01
"538","21",2012,10,6.45868373715765,2012-10-01
"539","21",2012,11,5.5796023586341,2012-11-01
"540","21",2012,12,5.26124429836301,2012-12-01
"541","21",2013,1,8.49711093591726,2013-01-01
"542","21",2013,2,8.02616907176016,2013-02-01
"543","21",2013,3,8.07699931797256,2013-03-01
"544","21",2013,4,7.0388960738019,2013-04-01
"545","21",2013,5,7.12934921404784,2013-05-01
"546","21",2013,6,6.48256064448445,2013-06-01
"547","21",2013,7,7.00560703995052,2013-07-01
"548","21",2013,8,6.46765676184868,2013-08-01
"549","21",2013,9,7.32581090766694,2013-09-01
"550","21",2013,10,9.72243009798453,2013-10-01
"551","21",2013,11,8.78738711947781,2013-11-01
"552","21",2013,12,8.08253904128953,2013-12-01
"553","21",2014,1,8.78740343640259,2014-01-01
"554","21",2014,2,6.06752283281672,2014-02-01
"555","21",2014,3,6.76855433404766,2014-03-01
"556","21",2014,4,6.33721840819036,2014-04-01
"557","21",2014,5,6.47367235553613,2014-05-01
"558","21",2014,6,5.90358065956254,2014-06-01
"559","21",2014,7,6.89334504166006,2014-07-01
"560","21",2014,8,8.62506020780058,2014-08-01
"561","21",2014,9,6.23549697753801,2014-09-01
"562","21",2014,10,6.02632288104004,2014-10-01
"563","21",2014,11,8.53494916419529,2014-11-01
"564","21",2014,12,6.62251605956477,2014-12-01
"565","21",2015,1,7.74667377221089,2015-01-01
"566","21",2015,2,7.43460579162506,2015-02-01
"567","21",2015,3,8.02551613366823,2015-03-01
"568","21",2015,4,6.49292249401507,2015-04-01
"569","21",2015,5,7.1050794686628,2015-05-01
"570","21",2015,6,6.68870411397569,2015-06-01
"571","21",2015,7,9.47523356871222,2015-07-01
"572","21",2015,8,8.96123747968182,2015-08-01
"573","21",2015,9,5.97069700404291,2015-09-01
"574","21",2015,10,7.96935627606449,2015-10-01
"575","21",2015,11,8.94173532561499,2015-11-01
"576","21",2015,12,6.99677480610711,2015-12-01
"577","21",2016,1,7.3723287418466,2016-01-01
"578","21",2016,2,6.62291717971076,2016-02-01
"579","21",2016,3,6.16099455993634,2016-03-01
"580","21",2016,4,8.07674869735844,2016-04-01
"581","21",2016,5,5.95325463279023,2016-05-01
"582","21",2016,6,5.33346287963007,2016-06-01
"583","21",2016,7,5.48868965863445,2016-07-01
"584","21",2016,8,6.0994931637712,2016-08-01
"585","21",2016,9,5.89108792062394,2016-09-01
"586","21",2016,10,6.34076373551071,2016-10-01
"587","21",2016,11,6.83850020173809,2016-11-01
"588","21",2016,12,7.19976296401917,2016-12-01
"589","21",2017,1,6.85219711323246,2017-01-01
"590","21",2017,2,6.83547124998728,2017-02-01
"591","21",2017,3,6.40739152358799,2017-03-01
"592","21",2017,4,5.76381797347103,2017-04-01
"593","21",2017,5,6.86442767275955,2017-05-01
"594","21",2017,6,6.33304183631485,2017-06-01
"595","21",2017,7,6.17382613647484,2017-07-01
"596","21",2017,8,20.4821534711587,2017-08-01
"597","21",2017,9,10.0185669005874,2017-09-01
"598","21",2017,10,7.63636632024586,2017-10-01
"599","21",2017,11,6.50000958412212,2017-11-01
"600","21",2017,12,6.77982166096663,2017-12-01
"601","21",2018,1,6.90228482362721,2018-01-01
"602","21",2018,2,7.228344379852,2018-02-01
"603","21",2018,3,7.0175139264765,2018-03-01
"604","21",2018,4,6.69188740858325,2018-04-01
"605","21",2018,5,6.97318131453259,2018-05-01
"606","21",2018,6,5.82013846781471,2018-06-01
"607","21",2018,7,7.44643435983359,2018-07-01
"608","21",2018,8,24.3964650482958,2018-08-01
"609","21",2018,9,6.70415353416239,2018-09-01
"610","21",2018,10,9.98464197310219,2018-10-01
"611","21",2018,11,8.07355474538871,2018-11-01
"612","21",2018,12,6.9529216082357,2018-12-01
"613","21",2019,1,7.54021310250737,2019-01-01
"614","21",2019,2,7.07296020316962,2019-02-01
"615","21",2019,3,7.62210060745521,2019-03-01
"616","21",2019,4,6.06500979865704,2019-04-01
"617","21",2019,5,7.14283539551605,2019-05-01
"618","21",2019,6,5.4840516805206,2019-06-01
"619","21",2019,7,6.34400558503219,2019-07-01
"620","21",2019,8,6.41637620798226,2019-08-01
"621","21",2019,9,5.57771495239838,2019-09-01
"622","21",2019,10,7.93982279067061,2019-10-01
"623","21",2019,11,9.06758936875068,2019-11-01
"624","21",2019,12,7.41114685442708,2019-12-01
"625","21",2020,1,7.29457538376066,2020-01-01
"626","21",2020,2,8.17129909913537,2020-02-01
"627","21",2020,3,7.27468687566918,2020-03-01
"628","21",2020,4,6.1713323696038,2020-04-01
"629","21",2020,5,6.33160122231675,2020-05-01
"630","21",2020,6,6.16803431904177,2020-06-01
"631","21",2020,7,6.92093357165789,2020-07-01
"632","21",2020,8,7.23522102136898,2020-08-01
"633","21",2020,9,13.6607276620991,2020-09-01
"634","21",2020,10,8.33597067434717,2020-10-01
"635","21",2020,11,7.10091672625031,2020-11-01
"636","21",2020,12,7.65927095327128,2020-12-01
"637","21",2021,1,7.55992014414685,2021-01-01
"638","21",2021,2,7.16009910546495,2021-02-01
"639","21",2021,3,7.11435035271557,2021-03-01
"640","21",2021,4,6.52607635733015,2021-04-01
"641","21",2021,5,6.61342090216743,2021-05-01
"642","21",2021,6,6.0386977098087,2021-06-01
"643","21",2021,7,7.11359704092195,2021-07-01
"644","21",2021,8,10.4510302661671,2021-08-01
"645","21",2021,9,7.56871221465224,2021-09-01
"646","21",2021,10,7.89374275322016,2021-10-01
"647","21",2021,11,7.69166639331494,2021-11-01
"648","21",2021,12,7.00938946183223,2021-12-01
"649","21",2022,1,7.55992014414685,2022-01-01
"650","21",2022,2,7.16009910546495,2022-02-01
"651","21",2022,3,7.11435035271557,2022-03-01
"652","21",2022,4,6.52607635733015,2022-04-01
"653","21",2022,5,6.61342090216743,2022-05-01
"654","21",2022,6,6.0386977098087,2022-06-01
"655","21",2022,7,7.11359704092195,2022-07-01
"656","21",2022,8,10.4510302661671,2022-08-01
"657","21",2022,9,7.56871221465224,2022-09-01
"658","21",2022,10,7.89374275322016,2022-10-01
"659","21",2022,11,7.69166639331494,2022-11-01
"660","21",2022,12,7.00938946183223,2022-12-01
"661","22",2012,1,7.25876411223298,2012-01-01
"662","22",2012,2,7.28881664411076,2012-02-01
"663","22",2012,3,7.0503684167215,2012-03-01
"664","22",2012,4,6.01551133315082,2012-04-01
"665","22",2012,5,5.99058542003352,2012-05-01
"666","22",2012,6,5.96745767896515,2012-06-01
"667","22",2012,7,7.35846860592815,2012-07-01
"668","22",2012,8,6.59737489248631,2012-08-01
"669","22",2012,9,7.31592510949784,2012-09-01
"670","22",2012,10,6.67018606993895,2012-10-01
"671","22",2012,11,5.86252427368156,2012-11-01
"672","22",2012,12,5.90764911437232,2012-12-01
"673","22",2013,1,8.87581067617296,2013-01-01
"674","22",2013,2,8.10432164189061,2013-02-01
"675","22",2013,3,7.32201689608026,2013-03-01
"676","22",2013,4,6.4241529687126,2013-04-01
"677","22",2013,5,6.62169898980317,2013-05-01
"678","22",2013,6,6.14045988934883,2013-06-01
"679","22",2013,7,6.68863328023804,2013-07-01
"680","22",2013,8,6.19370036913485,2013-08-01
"681","22",2013,9,6.78279893957332,2013-09-01
"682","22",2013,10,8.79104685187532,2013-10-01
"683","22",2013,11,8.77593909468995,2013-11-01
"684","22",2013,12,8.45020817772995,2013-12-01
"685","22",2014,1,8.67821493265347,2014-01-01
"686","22",2014,2,6.40193900770043,2014-02-01
"687","22",2014,3,6.99909546877249,2014-03-01
"688","22",2014,4,6.05053522034993,2014-04-01
"689","22",2014,5,6.31053114344765,2014-05-01
"690","22",2014,6,5.94199125801121,2014-06-01
"691","22",2014,7,7.14182583726048,2014-07-01
"692","22",2014,8,8.67015166384265,2014-08-01
"693","22",2014,9,6.72890663226223,2014-09-01
"694","22",2014,10,6.20106375664166,2014-10-01
"695","22",2014,11,8.41845537395548,2014-11-01
"696","22",2014,12,7.02562301183269,2014-12-01
"697","22",2015,1,8.31512461716149,2015-01-01
"698","22",2015,2,7.6171008923775,2015-02-01
"699","22",2015,3,7.47346216053907,2015-03-01
"700","22",2015,4,6.2173023172366,2015-04-01
"701","22",2015,5,7.22316578690524,2015-05-01
"702","22",2015,6,6.40276859864815,2015-06-01
"703","22",2015,7,10.7320281321349,2015-07-01
"704","22",2015,8,7.94003344154414,2015-08-01
"705","22",2015,9,5.89577952323146,2015-09-01
"706","22",2015,10,7.58495007766008,2015-10-01
"707","22",2015,11,8.88821744902596,2015-11-01
"708","22",2015,12,7.25351834808737,2015-12-01
"709","22",2016,1,7.60643612802148,2016-01-01
"710","22",2016,2,7.10501669572472,2016-02-01
"711","22",2016,3,6.34340938535148,2016-03-01
"712","22",2016,4,7.15863445700848,2016-04-01
"713","22",2016,5,5.85560032176627,2016-05-01
"714","22",2016,6,5.38016727248247,2016-06-01
"715","22",2016,7,5.49728387860408,2016-07-01
"716","22",2016,8,5.96773268937145,2016-08-01
"717","22",2016,9,5.84486389276904,2016-09-01
"718","22",2016,10,6.27833364334223,2016-10-01
"719","22",2016,11,6.83423232154971,2016-11-01
"720","22",2016,12,7.3458598124369,2016-12-01
"721","22",2017,1,7.4656244883045,2017-01-01
"722","22",2017,2,6.8197374549329,2017-02-01
"723","22",2017,3,6.79114419892755,2017-03-01
"724","22",2017,4,5.73441960135672,2017-04-01
"725","22",2017,5,6.37096739419689,2017-05-01
"726","22",2017,6,6.22423734124106,2017-06-01
"727","22",2017,7,6.17545248091138,2017-07-01
"728","22",2017,8,17.582484165036,2017-08-01
"729","22",2017,9,8.51271286836486,2017-09-01
"730","22",2017,10,7.57551131108129,2017-10-01
"731","22",2017,11,6.47620346791625,2017-11-01
"732","22",2017,12,8.22892735799047,2017-12-01
"733","22",2018,1,7.41918205617002,2018-01-01
"734","22",2018,2,7.45703594119712,2018-02-01
"735","22",2018,3,6.8657984188021,2018-03-01
"736","22",2018,4,6.44344664429762,2018-04-01
"737","22",2018,5,6.63629321383185,2018-05-01
"738","22",2018,6,5.93569144219571,2018-06-01
"739","22",2018,7,7.35731153801042,2018-07-01
"740","22",2018,8,22.173470377008,2018-08-01
"741","22",2018,9,6.55103720104707,2018-09-01
"742","22",2018,10,8.93812490207953,2018-10-01
"743","22",2018,11,8.14733373493647,2018-11-01
"744","22",2018,12,7.27453102166933,2018-12-01
"745","22",2019,1,7.96861859176247,2019-01-01
"746","22",2019,2,7.06045387740185,2019-02-01
"747","22",2019,3,6.59254689765642,2019-03-01
"748","22",2019,4,5.82635497878589,2019-04-01
"749","22",2019,5,6.7034111795439,2019-05-01
"750","22",2019,6,5.70534664482156,2019-06-01
"751","22",2019,7,6.85504438309498,2019-07-01
"752","22",2019,8,6.64843214111346,2019-08-01
"753","22",2019,9,5.544577790611,2019-09-01
"754","22",2019,10,7.79782532403951,2019-10-01
"755","22",2019,11,8.92245692823636,2019-11-01
"756","22",2019,12,7.84460849326176,2019-12-01
"757","22",2020,1,7.47664338156003,2020-01-01
"758","22",2020,2,8.39676870580335,2020-02-01
"759","22",2020,3,7.46568268763352,2020-03-01
"760","22",2020,4,6.38674573496607,2020-04-01
"761","22",2020,5,6.45103310177286,2020-05-01
"762","22",2020,6,6.46564730828542,2020-06-01
"763","22",2020,7,7.13631513572256,2020-07-01
"764","22",2020,8,7.21003565044931,2020-08-01
"765","22",2020,9,11.5949356924972,2020-09-01
"766","22",2020,10,8.2787727871738,2020-10-01
"767","22",2020,11,7.59032942727631,2020-11-01
"768","22",2020,12,7.785679808825,2020-12-01
"769","22",2021,1,7.88562404207101,2021-01-01
"770","22",2021,2,7.38667906949667,2021-02-01
"771","22",2021,3,6.97995645507864,2021-03-01
"772","22",2021,4,6.2818128225362,2021-04-01
"773","22",2021,5,6.39010069169959,2021-05-01
"774","22",2021,6,6.085191807108,2021-06-01
"775","22",2021,7,7.26931214847428,2021-07-01
"776","22",2021,8,9.79760214303243,2021-08-01
"777","22",2021,9,7.17130507219481,2021-09-01
"778","22",2021,10,7.60859311520634,2021-10-01
"779","22",2021,11,7.74219697489545,2021-11-01
"780","22",2021,12,7.4740000263818,2021-12-01
"781","22",2022,1,7.88562404207101,2022-01-01
"782","22",2022,2,7.38667906949667,2022-02-01
"783","22",2022,3,6.97995645507864,2022-03-01
"784","22",2022,4,6.2818128225362,2022-04-01
"785","22",2022,5,6.39010069169959,2022-05-01
"786","22",2022,6,6.085191807108,2022-06-01
"787","22",2022,7,7.26931214847428,2022-07-01
"788","22",2022,8,9.79760214303243,2022-08-01
"789","22",2022,9,7.17130507219481,2022-09-01
"790","22",2022,10,7.60859311520634,2022-10-01
"791","22",2022,11,7.74219697489545,2022-11-01
"792","22",2022,12,7.4740000263818,2022-12-01
"793","23",2012,1,7.1761462443163,2012-01-01
"794","23",2012,2,7.08687962407656,2012-02-01
"795","23",2012,3,6.89402985290841,2012-03-01
"796","23",2012,4,6.01749318063594,2012-04-01
"797","23",2012,5,5.92150337796801,2012-05-01
"798","23",2012,6,5.93815268285945,2012-06-01
"799","23",2012,7,7.06846987228895,2012-07-01
"800","23",2012,8,6.47828467504458,2012-08-01
"801","23",2012,9,6.94049590143901,2012-09-01
"802","23",2012,10,6.63615305211165,2012-10-01
"803","23",2012,11,5.56103729080071,2012-11-01
"804","23",2012,12,5.63846200942232,2012-12-01
"805","23",2013,1,8.78200826895493,2013-01-01
"806","23",2013,2,8.05457747493684,2013-02-01
"807","23",2013,3,7.49626368021534,2013-03-01
"808","23",2013,4,6.70350149677979,2013-04-01
"809","23",2013,5,6.66173647051689,2013-05-01
"810","23",2013,6,6.29411740930644,2013-06-01
"811","23",2013,7,6.43859693589504,2013-07-01
"812","23",2013,8,6.09413737587187,2013-08-01
"813","23",2013,9,6.63090644506799,2013-09-01
"814","23",2013,10,9.29205880318543,2013-10-01
"815","23",2013,11,9.00215368068919,2013-11-01
"816","23",2013,12,8.20055584145855,2013-12-01
"817","23",2014,1,9.02147671124435,2014-01-01
"818","23",2014,2,6.3785067738671,2014-02-01
"819","23",2014,3,6.78133158873037,2014-03-01
"820","23",2014,4,6.13586630529863,2014-04-01
"821","23",2014,5,6.37817295822824,2014-05-01
"822","23",2014,6,5.94522633892137,2014-06-01
"823","23",2014,7,6.68869623220511,2014-07-01
"824","23",2014,8,8.2091982359782,2014-08-01
"825","23",2014,9,6.57276129962296,2014-09-01
"826","23",2014,10,6.12379227460504,2014-10-01
"827","23",2014,11,8.79729158749798,2014-11-01
"828","23",2014,12,7.02856499112063,2014-12-01
"829","23",2015,1,8.45867390634203,2015-01-01
"830","23",2015,2,7.59767737650342,2015-02-01
"831","23",2015,3,7.4988379906206,2015-03-01
"832","23",2015,4,6.26499908180357,2015-04-01
"833","23",2015,5,7.11867330384407,2015-05-01
"834","23",2015,6,6.11158717866303,2015-06-01
"835","23",2015,7,9.54562653942033,2015-07-01
"836","23",2015,8,7.82777663861681,2015-08-01
"837","23",2015,9,5.8985293060971,2015-09-01
"838","23",2015,10,7.83706599112368,2015-10-01
"839","23",2015,11,9.16176600007131,2015-11-01
"840","23",2015,12,7.14425203325131,2015-12-01
"841","23",2016,1,7.70700631470378,2016-01-01
"842","23",2016,2,6.89709101845578,2016-02-01
"843","23",2016,3,6.26077882040676,2016-03-01
"844","23",2016,4,7.37770423801746,2016-04-01
"845","23",2016,5,5.77831100475599,2016-05-01
"846","23",2016,6,5.17837056202517,2016-06-01
"847","23",2016,7,5.24998355105761,2016-07-01
"848","23",2016,8,5.69227570922809,2016-08-01
"849","23",2016,9,5.74865698088889,2016-09-01
"850","23",2016,10,6.20926222183277,2016-10-01
"851","23",2016,11,6.64018660549872,2016-11-01
"852","23",2016,12,7.24812592449549,2016-12-01
"853","23",2017,1,7.30909533947637,2017-01-01
"854","23",2017,2,6.74522162605,2017-02-01
"855","23",2017,3,6.57756507768789,2017-03-01
"856","23",2017,4,5.60949066069549,2017-04-01
"857","23",2017,5,6.6020376012738,2017-05-01
"858","23",2017,6,6.16105516951509,2017-06-01
"859","23",2017,7,5.7368551590132,2017-07-01
"860","23",2017,8,15.8865439513848,2017-08-01
"861","23",2017,9,8.41431930803497,2017-09-01
"862","23",2017,10,7.74638769754979,2017-10-01
"863","23",2017,11,6.4833859263402,2017-11-01
"864","23",2017,12,8.31588929584337,2017-12-01
"865","23",2018,1,7.34771577272145,2018-01-01
"866","23",2018,2,7.2531298755286,2018-02-01
"867","23",2018,3,6.8823431271468,2018-03-01
"868","23",2018,4,6.61568769918271,2018-04-01
"869","23",2018,5,6.45548219051703,2018-05-01
"870","23",2018,6,5.75355459167295,2018-06-01
"871","23",2018,7,6.78745097219491,2018-07-01
"872","23",2018,8,21.7631040669487,2018-08-01
"873","23",2018,9,6.49954873238017,2018-09-01
"874","23",2018,10,9.25173290288736,2018-10-01
"875","23",2018,11,8.27147652850644,2018-11-01
"876","23",2018,12,7.25992147245113,2018-12-01
"877","23",2019,1,8.00360358123272,2019-01-01
"878","23",2019,2,7.07078695291663,2019-02-01
"879","23",2019,3,6.80708611745129,2019-03-01
"880","23",2019,4,5.94354207278672,2019-04-01
"881","23",2019,5,6.52502937248427,2019-05-01
"882","23",2019,6,5.45458517830074,2019-06-01
"883","23",2019,7,6.4358301581134,2019-07-01
"884","23",2019,8,6.3944020823505,2019-08-01
"885","23",2019,9,5.49056818910182,2019-09-01
"886","23",2019,10,8.06255744333707,2019-10-01
"887","23",2019,11,9.08520679994326,2019-11-01
"888","23",2019,12,7.57074909308783,2019-12-01
"889","23",2020,1,7.32683806200105,2020-01-01
"890","23",2020,2,8.29210411493928,2020-02-01
"891","23",2020,3,7.41426447278511,2020-03-01
"892","23",2020,4,6.30620143468368,2020-04-01
"893","23",2020,5,6.60061994798907,2020-05-01
"894","23",2020,6,6.55018667959814,2020-06-01
"895","23",2020,7,7.10715559606727,2020-07-01
"896","23",2020,8,7.3135293184067,2020-08-01
"897","23",2020,9,12.5390176177008,2020-09-01
"898","23",2020,10,8.31527474782354,2020-10-01
"899","23",2020,11,7.48589815404063,2020-11-01
"900","23",2020,12,7.75594390183692,2020-12-01
"901","23",2021,1,7.8910668825605,2021-01-01
"902","23",2021,2,7.29302136762277,2021-02-01
"903","23",2021,3,6.95046457840598,2021-03-01
"904","23",2021,4,6.35177316981297,2021-04-01
"905","23",2021,5,6.37665014794921,2021-05-01
"906","23",2021,6,6.00233029918812,2021-06-01
"907","23",2021,7,6.83472409646591,2021-07-01
"908","23",2021,8,9.43843999296966,2021-08-01
"909","23",2021,9,7.15817356382693,2021-09-01
"910","23",2021,10,7.76152379352821,2021-10-01
"911","23",2021,11,7.80440702349318,2021-11-01
"912","23",2021,12,7.37032285447314,2021-12-01
"913","23",2022,1,7.8910668825605,2022-01-01
"914","23",2022,2,7.29302136762277,2022-02-01
"915","23",2022,3,6.95046457840598,2022-03-01
"916","23",2022,4,6.35177316981297,2022-04-01
"917","23",2022,5,6.37665014794921,2022-05-01
"918","23",2022,6,6.00233029918812,2022-06-01
"919","23",2022,7,6.83472409646591,2022-07-01
"920","23",2022,8,9.43843999296966,2022-08-01
"921","23",2022,9,7.15817356382693,2022-09-01
"922","23",2022,10,7.76152379352821,2022-10-01
"923","23",2022,11,7.80440702349318,2022-11-01
"924","23",2022,12,7.37032285447314,2022-12-01
"925","31",2012,1,7.2565730803474,2012-01-01
"926","31",2012,2,7.31484222912899,2012-02-01
"927","31",2012,3,6.98025595082442,2012-03-01
"928","31",2012,4,5.78986557446409,2012-04-01
"929","31",2012,5,5.85017933247056,2012-05-01
"930","31",2012,6,5.88649000007083,2012-06-01
"931","31",2012,7,6.91874137634712,2012-07-01
"932","31",2012,8,6.33532313417178,2012-08-01
"933","31",2012,9,6.8162882798163,2012-09-01
"934","31",2012,10,6.61579583098983,2012-10-01
"935","31",2012,11,5.70970228124314,2012-11-01
"936","31",2012,12,5.49151340833221,2012-12-01
"937","31",2013,1,9.03628680780091,2013-01-01
"938","31",2013,2,8.1633457845051,2013-02-01
"939","31",2013,3,7.14373286759345,2013-03-01
"940","31",2013,4,6.22920761340863,2013-04-01
"941","31",2013,5,6.43730760069842,2013-05-01
"942","31",2013,6,5.96926582286632,2013-06-01
"943","31",2013,7,6.31052626699146,2013-07-01
"944","31",2013,8,6.01993206088665,2013-08-01
"945","31",2013,9,6.3663557240807,2013-09-01
"946","31",2013,10,8.27086817285016,2013-10-01
"947","31",2013,11,9.0125968428977,2013-11-01
"948","31",2013,12,8.38787676365064,2013-12-01
"949","31",2014,1,8.72558564050951,2014-01-01
"950","31",2014,2,6.7487818907893,2014-02-01
"951","31",2014,3,6.68630029306161,2014-03-01
"952","31",2014,4,5.79117412598106,2014-04-01
"953","31",2014,5,6.1336924908897,2014-05-01
"954","31",2014,6,5.85630482122239,2014-06-01
"955","31",2014,7,6.52740986212017,2014-07-01
"956","31",2014,8,7.82352826194495,2014-08-01
"957","31",2014,9,6.5981089952163,2014-09-01
"958","31",2014,10,5.74155884731438,2014-10-01
"959","31",2014,11,8.90250481246053,2014-11-01
"960","31",2014,12,7.41178313400138,2014-12-01
"961","31",2015,1,8.68679851983836,2015-01-01
"962","31",2015,2,7.75004030165117,2015-02-01
"963","31",2015,3,7.17190510101584,2015-03-01
"964","31",2015,4,5.79741846156831,2015-04-01
"965","31",2015,5,7.17545304671068,2015-05-01
"966","31",2015,6,6.29697820975515,2015-06-01
"967","31",2015,7,9.35479111059366,2015-07-01
"968","31",2015,8,7.20929373276942,2015-08-01
"969","31",2015,9,5.71037468257696,2015-09-01
"970","31",2015,10,7.58765944340838,2015-10-01
"971","31",2015,11,8.94151193804415,2015-11-01
"972","31",2015,12,7.34628404538509,2015-12-01
"973","31",2016,1,7.9959280999484,2016-01-01
"974","31",2016,2,7.13541853318976,2016-02-01
"975","31",2016,3,6.47455248336426,2016-03-01
"976","31",2016,4,6.40937921485692,2016-04-01
"977","31",2016,5,5.71032102452352,2016-05-01
"978","31",2016,6,5.1454318986362,2016-06-01
"979","31",2016,7,5.29811956356884,2016-07-01
"980","31",2016,8,5.52674451243096,2016-08-01
"981","31",2016,9,5.59428728530576,2016-09-01
"982","31",2016,10,6.15643571366022,2016-10-01
"983","31",2016,11,6.65959365112994,2016-11-01
"984","31",2016,12,7.21860393622177,2016-12-01
"985","31",2017,1,7.76155876889942,2017-01-01
"986","31",2017,2,6.87995340387173,2017-02-01
"987","31",2017,3,6.70281676751115,2017-03-01
"988","31",2017,4,5.30006048832278,2017-04-01
"989","31",2017,5,6.34273120246974,2017-05-01
"990","31",2017,6,6.21006796551025,2017-06-01
"991","31",2017,7,5.66254009075162,2017-07-01
"992","31",2017,8,14.1429885482965,2017-08-01
"993","31",2017,9,8.43747104126035,2017-09-01
"994","31",2017,10,7.4587749674076,2017-10-01
"995","31",2017,11,6.34717512463145,2017-11-01
"996","31",2017,12,8.66450832483045,2017-12-01
"997","31",2018,1,7.65468023798579,2018-01-01
"998","31",2018,2,7.34872491755253,2018-02-01
"999","31",2018,3,6.7711469076766,2018-03-01
"1000","31",2018,4,6.3150308693328,2018-04-01
"1001","31",2018,5,6.48329426953657,2018-05-01
"1002","31",2018,6,5.73122395075755,2018-06-01
"1003","31",2018,7,6.85480116694569,2018-07-01
"1004","31",2018,8,21.4695504721824,2018-08-01
"1005","31",2018,9,6.530933556003,2018-09-01
"1006","31",2018,10,8.44762661238737,2018-10-01
"1007","31",2018,11,8.03994855725762,2018-11-01
"1008","31",2018,12,7.40755191614414,2018-12-01
"1009","31",2019,1,8.28369838587578,2019-01-01
"1010","31",2019,2,7.19473355164911,2019-02-01
"1011","31",2019,3,6.57788129076465,2019-03-01
"1012","31",2019,4,5.5277889046266,2019-04-01
"1013","31",2019,5,6.40224843971044,2019-05-01
"1014","31",2019,6,5.1014908721554,2019-06-01
"1015","31",2019,7,6.06559254995579,2019-07-01
"1016","31",2019,8,6.1484998631405,2019-08-01
"1017","31",2019,9,5.35007668044526,2019-09-01
"1018","31",2019,10,7.73082379438504,2019-10-01
"1019","31",2019,11,9.08996914400674,2019-11-01
"1020","31",2019,12,7.80160167538821,2019-12-01
"1021","31",2020,1,7.29292636054401,2020-01-01
"1022","31",2020,2,8.45246664784679,2020-02-01
"1023","31",2020,3,7.51636636243075,2020-03-01
"1024","31",2020,4,6.32174000910143,2020-04-01
"1025","31",2020,5,6.64299816390477,2020-05-01
"1026","31",2020,6,6.66097175340894,2020-06-01
"1027","31",2020,7,7.28368987743648,2020-07-01
"1028","31",2020,8,7.20417531599433,2020-08-01
"1029","31",2020,9,10.3375150187991,2020-09-01
"1030","31",2020,10,8.35899545510216,2020-10-01
"1031","31",2020,11,7.59860963894375,2020-11-01
"1032","31",2020,12,7.77437243421997,2020-12-01
"1033","31",2021,1,8.05602888912076,2021-01-01
"1034","31",2021,2,7.47015602456398,2021-02-01
"1035","31",2021,3,6.88020838226685,2021-03-01
"1036","31",2021,4,6.00784046391072,2021-04-01
"1037","31",2021,5,6.25932601871057,2021-05-01
"1038","31",2021,6,5.93678927588355,2021-06-01
"1039","31",2021,7,6.72172909594317,2021-07-01
"1040","31",2021,8,9.04444396547828,2021-08-01
"1041","31",2021,9,6.85462064103702,2021-09-01
"1042","31",2021,10,7.39800608766283,2021-10-01
"1043","31",2021,11,7.77649454488931,2021-11-01
"1044","31",2021,12,7.51904569759044,2021-12-01
"1045","31",2022,1,8.05602888912076,2022-01-01
"1046","31",2022,2,7.47015602456398,2022-02-01
"1047","31",2022,3,6.88020838226685,2022-03-01
"1048","31",2022,4,6.00784046391072,2022-04-01
"1049","31",2022,5,6.25932601871057,2022-05-01
"1050","31",2022,6,5.93678927588355,2022-06-01
"1051","31",2022,7,6.72172909594317,2022-07-01
"1052","31",2022,8,9.04444396547828,2022-08-01
"1053","31",2022,9,6.85462064103702,2022-09-01
"1054","31",2022,10,7.39800608766283,2022-10-01
"1055","31",2022,11,7.77649454488931,2022-11-01
"1056","31",2022,12,7.51904569759044,2022-12-01
"1057","32",2012,1,7.24732488228704,2012-01-01
"1058","32",2012,2,7.26676910972069,2012-02-01
"1059","32",2012,3,6.99468031770594,2012-03-01
"1060","32",2012,4,5.81907831260765,2012-04-01
"1061","32",2012,5,6.05198665249143,2012-05-01
"1062","32",2012,6,5.79690665123858,2012-06-01
"1063","32",2012,7,7.39190119399748,2012-07-01
"1064","32",2012,8,6.52317287747066,2012-08-01
"1065","32",2012,9,7.19348258433738,2012-09-01
"1066","32",2012,10,6.81204693154979,2012-10-01
"1067","32",2012,11,5.98238590612877,2012-11-01
"1068","32",2012,12,5.92196122519463,2012-12-01
"1069","32",2013,1,8.98465120706837,2013-01-01
"1070","32",2013,2,8.22038395587234,2013-02-01
"1071","32",2013,3,7.09957562257659,2013-03-01
"1072","32",2013,4,6.10966137586412,2013-04-01
"1073","32",2013,5,6.3847990638574,2013-05-01
"1074","32",2013,6,5.97158911012384,2013-06-01
"1075","32",2013,7,6.56138754159324,2013-07-01
"1076","32",2013,8,6.06454059202349,2013-08-01
"1077","32",2013,9,6.70370946655624,2013-09-01
"1078","32",2013,10,8.34428037829355,2013-10-01
"1079","32",2013,11,8.57285333916296,2013-11-01
"1080","32",2013,12,8.50420325859238,2013-12-01
"1081","32",2014,1,8.41466367415004,2014-01-01
"1082","32",2014,2,6.43500382542005,2014-02-01
"1083","32",2014,3,6.87418753564894,2014-03-01
"1084","32",2014,4,5.81917215762367,2014-04-01
"1085","32",2014,5,6.07579491792629,2014-05-01
"1086","32",2014,6,5.90007924430141,2014-06-01
"1087","32",2014,7,7.16485935563818,2014-07-01
"1088","32",2014,8,8.66591459968705,2014-08-01
"1089","32",2014,9,6.72133751928664,2014-09-01
"1090","32",2014,10,5.88938184424023,2014-10-01
"1091","32",2014,11,7.9780334039291,2014-11-01
"1092","32",2014,12,6.81267631440515,2014-12-01
"1093","32",2015,1,8.20966674553259,2015-01-01
"1094","32",2015,2,7.65080549550306,2015-02-01
"1095","32",2015,3,7.16579093241511,2015-03-01
"1096","32",2015,4,5.96120716728689,2015-04-01
"1097","32",2015,5,7.33308931798463,2015-05-01
"1098","32",2015,6,6.54225069405335,2015-06-01
"1099","32",2015,7,10.6976144264234,2015-07-01
"1100","32",2015,8,7.61714553645713,2015-08-01
"1101","32",2015,9,5.85226789597873,2015-09-01
"1102","32",2015,10,7.4302066759607,2015-10-01
"1103","32",2015,11,8.55880676959391,2015-11-01
"1104","32",2015,12,7.28765208534301,2015-12-01
"1105","32",2016,1,7.6726893498924,2016-01-01
"1106","32",2016,2,7.16753027178003,2016-02-01
"1107","32",2016,3,6.44625499418948,2016-03-01
"1108","32",2016,4,6.52189150341928,2016-04-01
"1109","32",2016,5,5.71110606799432,2016-05-01
"1110","32",2016,6,5.38933023952888,2016-06-01
"1111","32",2016,7,5.48533771032126,2016-07-01
"1112","32",2016,8,5.96421977169589,2016-08-01
"1113","32",2016,9,5.68635561170674,2016-09-01
"1114","32",2016,10,6.26295270499364,2016-10-01
"1115","32",2016,11,6.79764987580396,2016-11-01
"1116","32",2016,12,7.34892346623943,2016-12-01
"1117","32",2017,1,7.63364547867106,2017-01-01
"1118","32",2017,2,6.93008010318356,2017-02-01
"1119","32",2017,3,6.80001034563501,2017-03-01
"1120","32",2017,4,5.6644946859785,2017-04-01
"1121","32",2017,5,6.20780472386785,2017-05-01
"1122","32",2017,6,6.42516771498303,2017-06-01
"1123","32",2017,7,6.47770081073977,2017-07-01
"1124","32",2017,8,18.6232417328854,2017-08-01
"1125","32",2017,9,8.91400826973437,2017-09-01
"1126","32",2017,10,7.72564331614593,2017-10-01
"1127","32",2017,11,6.58077958883219,2017-11-01
"1128","32",2017,12,8.4532037433332,2017-12-01
"1129","32",2018,1,7.59454443878332,2018-01-01
"1130","32",2018,2,7.63681203853398,2018-02-01
"1131","32",2018,3,6.82498824972268,2018-03-01
"1132","32",2018,4,6.42802904242553,2018-04-01
"1133","32",2018,5,6.63541678764326,2018-05-01
"1134","32",2018,6,6.13759532925339,2018-06-01
"1135","32",2018,7,7.69937538955215,2018-07-01
"1136","32",2018,8,22.0987312903412,2018-08-01
"1137","32",2018,9,6.7528605935133,2018-09-01
"1138","32",2018,10,8.53001236788629,2018-10-01
"1139","32",2018,11,8.01192647578483,2018-11-01
"1140","32",2018,12,7.26566737554344,2018-12-01
"1141","32",2019,1,8.00201089912314,2019-01-01
"1142","32",2019,2,7.14376039528056,2019-02-01
"1143","32",2019,3,6.51882747857318,2019-03-01
"1144","32",2019,4,5.67451574806312,2019-04-01
"1145","32",2019,5,6.83617936290827,2019-05-01
"1146","32",2019,6,5.6931260272318,2019-06-01
"1147","32",2019,7,6.65293892709422,2019-07-01
"1148","32",2019,8,6.78367885966782,2019-08-01
"1149","32",2019,9,5.65776254671206,2019-09-01
"1150","32",2019,10,7.6200172536503,2019-10-01
"1151","32",2019,11,8.80431131744116,2019-11-01
"1152","32",2019,12,7.96599718091399,2019-12-01
"1153","32",2020,1,7.3821201115964,2020-01-01
"1154","32",2020,2,8.46439541556105,2020-02-01
"1155","32",2020,3,7.48175217454751,2020-03-01
"1156","32",2020,4,6.369254172089,2020-04-01
"1157","32",2020,5,6.4547642149532,2020-05-01
"1158","32",2020,6,6.42362145841172,2020-06-01
"1159","32",2020,7,7.287039250506,2020-07-01
"1160","32",2020,8,7.20716352307043,2020-08-01
"1161","32",2020,9,10.261360772682,2020-09-01
"1162","32",2020,10,8.35384444147835,2020-10-01
"1163","32",2020,11,7.65063854395273,2020-11-01
"1164","32",2020,12,7.69297563881772,2020-12-01
"1165","32",2021,1,7.89273240017385,2021-01-01
"1166","32",2021,2,7.45919311741808,2021-02-01
"1167","32",2021,3,6.89820191980185,2021-03-01
"1168","32",2021,4,6.08653405396123,2021-04-01
"1169","32",2021,5,6.33541611034511,2021-05-01
"1170","32",2021,6,6.09595368205419,2021-06-01
"1171","32",2021,7,7.3072806372466,2021-07-01
"1172","32",2021,8,9.86728705617078,2021-08-01
"1173","32",2021,9,7.07866417624149,2021-09-01
"1174","32",2021,10,7.45966811900087,2021-10-01
"1175","32",2021,11,7.64181170900504,2021-11-01
"1176","32",2021,12,7.48775289974408,2021-12-01
"1177","32",2022,1,7.89273240017385,2022-01-01
"1178","32",2022,2,7.45919311741808,2022-02-01
"1179","32",2022,3,6.89820191980185,2022-03-01
"1180","32",2022,4,6.08653405396123,2022-04-01
"1181","32",2022,5,6.33541611034511,2022-05-01
"1182","32",2022,6,6.09595368205419,2022-06-01
"1183","32",2022,7,7.3072806372466,2022-07-01
"1184","32",2022,8,9.86728705617078,2022-08-01
"1185","32",2022,9,7.07866417624149,2022-09-01
"1186","32",2022,10,7.45966811900087,2022-10-01
"1187","32",2022,11,7.64181170900504,2022-11-01
"1188","32",2022,12,7.48775289974408,2022-12-01
"1189","33",2012,1,7.33502097919095,2012-01-01
"1190","33",2012,2,7.48258901690399,2012-02-01
"1191","33",2012,3,7.11796665899892,2012-03-01
"1192","33",2012,4,6.00969365462152,2012-04-01
"1193","33",2012,5,6.04180677560063,2012-05-01
"1194","33",2012,6,5.79807793816912,2012-06-01
"1195","33",2012,7,7.55758956846047,2012-07-01
"1196","33",2012,8,6.43223919069063,2012-08-01
"1197","33",2012,9,7.24792513061695,2012-09-01
"1198","33",2012,10,6.42216090743235,2012-10-01
"1199","33",2012,11,5.80242336164253,2012-11-01
"1200","33",2012,12,5.97399349118977,2012-12-01
"1201","33",2013,1,9.03746920638647,2013-01-01
"1202","33",2013,2,8.39410352639077,2013-02-01
"1203","33",2013,3,7.14777748692285,2013-03-01
"1204","33",2013,4,6.06458192264679,2013-04-01
"1205","33",2013,5,6.25711700033281,2013-05-01
"1206","33",2013,6,5.87753295119952,2013-06-01
"1207","33",2013,7,6.20774633795158,2013-07-01
"1208","33",2013,8,6.00497435520051,2013-08-01
"1209","33",2013,9,6.78350159368335,2013-09-01
"1210","33",2013,10,8.05951371911721,2013-10-01
"1211","33",2013,11,8.2023525555641,2013-11-01
"1212","33",2013,12,8.68471698733301,2013-12-01
"1213","33",2014,1,8.28469320100628,2014-01-01
"1214","33",2014,2,6.39264446323654,2014-02-01
"1215","33",2014,3,7.09555816870912,2014-03-01
"1216","33",2014,4,5.89294258063208,2014-04-01
"1217","33",2014,5,5.91358308958899,2014-05-01
"1218","33",2014,6,5.73397232221394,2014-06-01
"1219","33",2014,7,7.37604437101151,2014-07-01
"1220","33",2014,8,9.33632977116882,2014-08-01
"1221","33",2014,9,6.62012161936588,2014-09-01
"1222","33",2014,10,5.94119023498246,2014-10-01
"1223","33",2014,11,7.25331871360094,2014-11-01
"1224","33",2014,12,6.5159576331098,2014-12-01
"1225","33",2015,1,7.86152155067457,2015-01-01
"1226","33",2015,2,7.67968357337827,2015-02-01
"1227","33",2015,3,7.19747644466092,2015-03-01
"1228","33",2015,4,6.06001650457587,2015-04-01
"1229","33",2015,5,7.12793335063815,2015-05-01
"1230","33",2015,6,6.33676698989473,2015-06-01
"1231","33",2015,7,12.5389865334845,2015-07-01
"1232","33",2015,8,7.30897066754059,2015-08-01
"1233","33",2015,9,5.8873611273131,2015-09-01
"1234","33",2015,10,7.27584490268705,2015-10-01
"1235","33",2015,11,8.27257451596093,2015-11-01
"1236","33",2015,12,7.30665082107536,2015-12-01
"1237","33",2016,1,7.56455166839798,2016-01-01
"1238","33",2016,2,7.35100219660661,2016-02-01
"1239","33",2016,3,6.37929959325997,2016-03-01
"1240","33",2016,4,6.43908242433976,2016-04-01
"1241","33",2016,5,5.47608899543042,2016-05-01
"1242","33",2016,6,5.4236630214304,2016-06-01
"1243","33",2016,7,5.648034436622,2016-07-01
"1244","33",2016,8,5.95750038760485,2016-08-01
"1245","33",2016,9,5.64368304341242,2016-09-01
"1246","33",2016,10,6.48869814076226,2016-10-01
"1247","33",2016,11,6.96828328150184,2016-11-01
"1248","33",2016,12,7.53725054962612,2016-12-01
"1249","33",2017,1,7.61836203726749,2017-01-01
"1250","33",2017,2,7.25083941157905,2017-02-01
"1251","33",2017,3,6.95972240385861,2017-03-01
"1252","33",2017,4,6.1110998645454,2017-04-01
"1253","33",2017,5,5.91197481745604,2017-05-01
"1254","33",2017,6,6.20113939743928,2017-06-01
"1255","33",2017,7,7.05057451975578,2017-07-01
"1256","33",2017,8,21.2093471415027,2017-08-01
"1257","33",2017,9,9.08741071549639,2017-09-01
"1258","33",2017,10,7.55259489174538,2017-10-01
"1259","33",2017,11,6.77580213371494,2017-11-01
"1260","33",2017,12,7.94223165533756,2017-12-01
"1261","33",2018,1,7.77034079212815,2018-01-01
"1262","33",2018,2,8.04321318596006,2018-02-01
"1263","33",2018,3,7.04539966768016,2018-03-01
"1264","33",2018,4,6.44687671853847,2018-04-01
"1265","33",2018,5,6.74884160840735,2018-05-01
"1266","33",2018,6,6.57105465229832,2018-06-01
"1267","33",2018,7,8.50659618733684,2018-07-01
"1268","33",2018,8,22.90188133242,2018-08-01
"1269","33",2018,9,6.9857815270343,2018-09-01
"1270","33",2018,10,7.83392757932802,2018-10-01
"1271","33",2018,11,8.00989413744909,2018-11-01
"1272","33",2018,12,7.2183815636486,2018-12-01
"1273","33",2019,1,7.85481303806035,2019-01-01
"1274","33",2019,2,7.24558074055924,2019-02-01
"1275","33",2019,3,6.37455120491449,2019-03-01
"1276","33",2019,4,5.71761790471535,2019-04-01
"1277","33",2019,5,6.72797498981296,2019-05-01
"1278","33",2019,6,5.95733976207619,2019-06-01
"1279","33",2019,7,6.9402331526351,2019-07-01
"1280","33",2019,8,6.60849893651975,2019-08-01
"1281","33",2019,9,5.86110760506312,2019-09-01
"1282","33",2019,10,7.49685597585653,2019-10-01
"1283","33",2019,11,8.47631540663147,2019-11-01
"1284","33",2019,12,8.18323303761256,2019-12-01
"1285","33",2020,1,7.54156951440755,2020-01-01
"1286","33",2020,2,8.5127314632691,2020-02-01
"1287","33",2020,3,7.43169674693466,2020-03-01
"1288","33",2020,4,6.43173799867257,2020-04-01
"1289","33",2020,5,6.23793740651013,2020-05-01
"1290","33",2020,6,6.13828163343344,2020-06-01
"1291","33",2020,7,7.04133207214936,2020-07-01
"1292","33",2020,8,6.87565809330873,2020-08-01
"1293","33",2020,9,10.0413963858037,2020-09-01
"1294","33",2020,10,8.2681020095359,2020-10-01
"1295","33",2020,11,7.67626179271824,2020-11-01
"1296","33",2020,12,7.69860324254912,2020-12-01
"1297","33",2021,1,7.87582499210756,2021-01-01
"1298","33",2021,2,7.60743953810063,2021-02-01
"1299","33",2021,3,6.96053903125544,2021-03-01
"1300","33",2021,4,6.16139434976652,2021-04-01
"1301","33",2021,5,6.21555763812553,2021-05-01
"1302","33",2021,6,6.05256787722239,2021-06-01
"1303","33",2021,7,7.73055462785729,2021-07-01
"1304","33",2021,8,10.1792822315008,2021-08-01
"1305","33",2021,9,7.11597074759741,2021-09-01
"1306","33",2021,10,7.28177432100483,2021-10-01
"1307","33",2021,11,7.49406198064517,2021-11-01
"1308","33",2021,12,7.45183897370534,2021-12-01
"1309","33",2022,1,7.87582499210756,2022-01-01
"1310","33",2022,2,7.60743953810063,2022-02-01
"1311","33",2022,3,6.96053903125544,2022-03-01
"1312","33",2022,4,6.16139434976652,2022-04-01
"1313","33",2022,5,6.21555763812553,2022-05-01
"1314","33",2022,6,6.05256787722239,2022-06-01
"1315","33",2022,7,7.73055462785729,2022-07-01
"1316","33",2022,8,10.1792822315008,2022-08-01
"1317","33",2022,9,7.11597074759741,2022-09-01
"1318","33",2022,10,7.28177432100483,2022-10-01
"1319","33",2022,11,7.49406198064517,2022-11-01
"1320","33",2022,12,7.45183897370534,2022-12-01
"1321","41",2012,1,7.62865989965595,2012-01-01
"1322","41",2012,2,7.81206617586244,2012-02-01
"1323","41",2012,3,7.22079673585272,2012-03-01
"1324","41",2012,4,6.3749007829689,2012-04-01
"1325","41",2012,5,6.41342436870837,2012-05-01
"1326","41",2012,6,6.02592439273624,2012-06-01
"1327","41",2012,7,7.06969232932248,2012-07-01
"1328","41",2012,8,6.55095578392135,2012-08-01
"1329","41",2012,9,7.79029992249625,2012-09-01
"1330","41",2012,10,7.28946494532963,2012-10-01
"1331","41",2012,11,9.07060080855624,2012-11-01
"1332","41",2012,12,6.3063213784541,2012-12-01
"1333","41",2013,1,8.89559698100817,2013-01-01
"1334","41",2013,2,7.99670504195877,2013-02-01
"1335","41",2013,3,8.28066070758265,2013-03-01
"1336","41",2013,4,6.20776358979805,2013-04-01
"1337","41",2013,5,6.44091917146106,2013-05-01
"1338","41",2013,6,5.65871898481818,2013-06-01
"1339","41",2013,7,5.78747918167556,2013-07-01
"1340","41",2013,8,5.8386175537734,2013-08-01
"1341","41",2013,9,6.1914531197145,2013-09-01
"1342","41",2013,10,9.29893660862637,2013-10-01
"1343","41",2013,11,9.06662468245599,2013-11-01
"1344","41",2013,12,8.60564327396491,2013-12-01
"1345","41",2014,1,9.31268551333506,2014-01-01
"1346","41",2014,2,7.03731544831165,2014-02-01
"1347","41",2014,3,6.79345706524314,2014-03-01
"1348","41",2014,4,5.67817873157337,2014-04-01
"1349","41",2014,5,6.11499877477553,2014-05-01
"1350","41",2014,6,5.63986710080758,2014-06-01
"1351","41",2014,7,6.05021394420634,2014-07-01
"1352","41",2014,8,6.97072381622221,2014-08-01
"1353","41",2014,9,5.8774833732695,2014-09-01
"1354","41",2014,10,6.62905958445594,2014-10-01
"1355","41",2014,11,10.5003006851069,2014-11-01
"1356","41",2014,12,9.32332633734764,2014-12-01
"1357","41",2015,1,9.13803889825179,2015-01-01
"1358","41",2015,2,8.20308852106692,2015-02-01
"1359","41",2015,3,8.00942947563961,2015-03-01
"1360","41",2015,4,6.20496020145249,2015-04-01
"1361","41",2015,5,5.93615344561252,2015-05-01
"1362","41",2015,6,5.57313036353225,2015-06-01
"1363","41",2015,7,8.1883431523371,2015-07-01
"1364","41",2015,8,6.9271044300604,2015-08-01
"1365","41",2015,9,5.39904347578191,2015-09-01
"1366","41",2015,10,7.60394947456788,2015-10-01
"1367","41",2015,11,8.39562702705441,2015-11-01
"1368","41",2015,12,7.21100461604889,2015-12-01
"1369","41",2016,1,8.29355505860885,2016-01-01
"1370","41",2016,2,7.66757449763427,2016-02-01
"1371","41",2016,3,6.68850628128869,2016-03-01
"1372","41",2016,4,6.01607077140324,2016-04-01
"1373","41",2016,5,5.51237735657738,2016-05-01
"1374","41",2016,6,5.53986573814244,2016-06-01
"1375","41",2016,7,5.46828631370426,2016-07-01
"1376","41",2016,8,5.25513908294658,2016-08-01
"1377","41",2016,9,5.25634921515568,2016-09-01
"1378","41",2016,10,6.80062364838585,2016-10-01
"1379","41",2016,11,6.95864637396719,2016-11-01
"1380","41",2016,12,7.31570067946845,2016-12-01
"1381","41",2017,1,8.24373575418099,2017-01-01
"1382","41",2017,2,7.24396540650609,2017-02-01
"1383","41",2017,3,6.9342081550441,2017-03-01
"1384","41",2017,4,5.66003047805007,2017-04-01
"1385","41",2017,5,6.32417001849123,2017-05-01
"1386","41",2017,6,5.65033001317791,2017-06-01
"1387","41",2017,7,5.01432244200636,2017-07-01
"1388","41",2017,8,13.6221288550947,2017-08-01
"1389","41",2017,9,9.03913778314032,2017-09-01
"1390","41",2017,10,8.65010334671161,2017-10-01
"1391","41",2017,11,8.57763810333624,2017-11-01
"1392","41",2017,12,11.9095911151924,2017-12-01
"1393","41",2018,1,7.74841069061142,2018-01-01
"1394","41",2018,2,7.56010042584464,2018-02-01
"1395","41",2018,3,7.7312306184196,2018-03-01
"1396","41",2018,4,6.70074576770472,2018-04-01
"1397","41",2018,5,6.23670396869585,2018-05-01
"1398","41",2018,6,5.81913016102765,2018-06-01
"1399","41",2018,7,7.29014021940953,2018-07-01
"1400","41",2018,8,22.15116575624,2018-08-01
"1401","41",2018,9,6.60665787665163,2018-09-01
"1402","41",2018,10,10.0835829839173,2018-10-01
"1403","41",2018,11,8.65723480192911,2018-11-01
"1404","41",2018,12,7.52495130959931,2018-12-01
"1405","41",2019,1,8.48644361069616,2019-01-01
"1406","41",2019,2,7.75853584212343,2019-02-01
"1407","41",2019,3,8.73082724938264,2019-03-01
"1408","41",2019,4,5.8752957423999,2019-04-01
"1409","41",2019,5,6.20654164340618,2019-05-01
"1410","41",2019,6,4.95259146724876,2019-06-01
"1411","41",2019,7,6.45331811413777,2019-07-01
"1412","41",2019,8,5.84700666518589,2019-08-01
"1413","41",2019,9,5.69702071156261,2019-09-01
"1414","41",2019,10,7.99391810768472,2019-10-01
"1415","41",2019,11,9.25494663868034,2019-11-01
"1416","41",2019,12,8.32544267368596,2019-12-01
"1417","41",2020,1,7.2257458491863,2020-01-01
"1418","41",2020,2,7.91267811885394,2020-02-01
"1419","41",2020,3,7.43882873640143,2020-03-01
"1420","41",2020,4,6.1410437152887,2020-04-01
"1421","41",2020,5,6.43646498424291,2020-05-01
"1422","41",2020,6,6.26993375510585,2020-06-01
"1423","41",2020,7,6.41314519972471,2020-07-01
"1424","41",2020,8,7.17219973030353,2020-08-01
"1425","41",2020,9,11.2354865763116,2020-09-01
"1426","41",2020,10,8.18099327890058,2020-10-01
"1427","41",2020,11,7.47996387134684,2020-11-01
"1428","41",2020,12,7.73498943087474,2020-12-01
"1429","41",2021,1,8.31209048831362,2021-01-01
"1430","41",2021,2,7.73906205312264,2021-02-01
"1431","41",2021,3,7.50077233072075,2021-03-01
"1432","41",2021,4,6.13988807598116,2021-04-01
"1433","41",2021,5,6.1301784887155,2021-05-01
"1434","41",2021,6,5.71071216170725,2021-06-01
"1435","41",2021,7,6.47689945777138,2021-07-01
"1436","41",2021,8,8.84873866126918,2021-08-01
"1437","41",2021,9,6.97765656371157,2021-09-01
"1438","41",2021,10,8.12043330789192,2021-10-01
"1439","41",2021,11,8.61352459715594,2021-11-01
"1440","41",2021,12,8.25363722059456,2021-12-01
"1441","41",2022,1,8.31209048831362,2022-01-01
"1442","41",2022,2,7.73906205312264,2022-02-01
"1443","41",2022,3,7.50077233072075,2022-03-01
"1444","41",2022,4,6.13988807598116,2022-04-01
"1445","41",2022,5,6.1301784887155,2022-05-01
"1446","41",2022,6,5.71071216170725,2022-06-01
"1447","41",2022,7,6.47689945777138,2022-07-01
"1448","41",2022,8,8.84873866126918,2022-08-01
"1449","41",2022,9,6.97765656371157,2022-09-01
"1450","41",2022,10,8.12043330789192,2022-10-01
"1451","41",2022,11,8.61352459715594,2022-11-01
"1452","41",2022,12,8.25363722059456,2022-12-01
"1453","42",2012,1,7.74902534964601,2012-01-01
"1454","42",2012,2,8.59185348070114,2012-02-01
"1455","42",2012,3,7.81087947742712,2012-03-01
"1456","42",2012,4,6.56529022107623,2012-04-01
"1457","42",2012,5,6.35268670759282,2012-05-01
"1458","42",2012,6,6.53189355738597,2012-06-01
"1459","42",2012,7,7.40210826393063,2012-07-01
"1460","42",2012,8,6.71627764363635,2012-08-01
"1461","42",2012,9,6.29555295746418,2012-09-01
"1462","42",2012,10,6.58373931235886,2012-10-01
"1463","42",2012,11,8.65672299314172,2012-11-01
"1464","42",2012,12,7.85543334483899,2012-12-01
"1465","42",2013,1,9.29983029151806,2013-01-01
"1466","42",2013,2,8.45284752920871,2013-02-01
"1467","42",2013,3,7.49064701347506,2013-03-01
"1468","42",2013,4,5.93789577113567,2013-04-01
"1469","42",2013,5,6.01095955535333,2013-05-01
"1470","42",2013,6,5.65392062242175,2013-06-01
"1471","42",2013,7,5.2154182200196,2013-07-01
"1472","42",2013,8,5.69127180033111,2013-08-01
"1473","42",2013,9,6.15858501140546,2013-09-01
"1474","42",2013,10,9.89189919623642,2013-10-01
"1475","42",2013,11,8.53207040230453,2013-11-01
"1476","42",2013,12,8.60236152063143,2013-12-01
"1477","42",2014,1,9.58203753321579,2014-01-01
"1478","42",2014,2,8.31922056154475,2014-02-01
"1479","42",2014,3,7.14203907709917,2014-03-01
"1480","42",2014,4,6.11920268636901,2014-04-01
"1481","42",2014,5,6.04444484815536,2014-05-01
"1482","42",2014,6,5.36400402294023,2014-06-01
"1483","42",2014,7,5.84047517119036,2014-07-01
"1484","42",2014,8,6.54638897104847,2014-08-01
"1485","42",2014,9,5.77405226530475,2014-09-01
"1486","42",2014,10,6.72321258834783,2014-10-01
"1487","42",2014,11,12.4988520694562,2014-11-01
"1488","42",2014,12,10.794791701269,2014-12-01
"1489","42",2015,1,9.39174817411903,2015-01-01
"1490","42",2015,2,9.0377890904884,2015-02-01
"1491","42",2015,3,8.30648855658922,2015-03-01
"1492","42",2015,4,6.27162432844513,2015-04-01
"1493","42",2015,5,6.33512045115397,2015-05-01
"1494","42",2015,6,5.5931576308488,2015-06-01
"1495","42",2015,7,9.85390873165691,2015-07-01
"1496","42",2015,8,6.85839188025064,2015-08-01
"1497","42",2015,9,5.81697334410413,2015-09-01
"1498","42",2015,10,8.37602433820453,2015-10-01
"1499","42",2015,11,9.2440961099246,2015-11-01
"1500","42",2015,12,7.52367630491876,2015-12-01
"1501","42",2016,1,8.84218051895,2016-01-01
"1502","42",2016,2,8.31116877549637,2016-02-01
"1503","42",2016,3,7.17890994741108,2016-03-01
"1504","42",2016,4,6.2740669816027,2016-04-01
"1505","42",2016,5,5.46664204592982,2016-05-01
"1506","42",2016,6,5.15277136571048,2016-06-01
"1507","42",2016,7,5.25867545826229,2016-07-01
"1508","42",2016,8,5.13316578196544,2016-08-01
"1509","42",2016,9,5.75940122079813,2016-09-01
"1510","42",2016,10,7.57915653690321,2016-10-01
"1511","42",2016,11,7.14947342115783,2016-11-01
"1512","42",2016,12,7.61126919533554,2016-12-01
"1513","42",2017,1,8.52665530011435,2017-01-01
"1514","42",2017,2,8.59146127375452,2017-02-01
"1515","42",2017,3,7.01839210437756,2017-03-01
"1516","42",2017,4,5.8415760614246,2017-04-01
"1517","42",2017,5,6.13883344500402,2017-05-01
"1518","42",2017,6,5.49962373372579,2017-06-01
"1519","42",2017,7,5.05779406171889,2017-07-01
"1520","42",2017,8,15.0148256540785,2017-08-01
"1521","42",2017,9,7.57855757392494,2017-09-01
"1522","42",2017,10,9.1517107373592,2017-10-01
"1523","42",2017,11,8.72932464381542,2017-11-01
"1524","42",2017,12,11.9039112371505,2017-12-01
"1525","42",2018,1,8.27473341322944,2018-01-01
"1526","42",2018,2,8.28669296946988,2018-02-01
"1527","42",2018,3,8.28266199677439,2018-03-01
"1528","42",2018,4,6.62455961483051,2018-04-01
"1529","42",2018,5,6.01070005185867,2018-05-01
"1530","42",2018,6,5.63195972383016,2018-06-01
"1531","42",2018,7,6.48165654120305,2018-07-01
"1532","42",2018,8,22.0826552989373,2018-08-01
"1533","42",2018,9,6.51375414514374,2018-09-01
"1534","42",2018,10,10.389570266272,2018-10-01
"1535","42",2018,11,9.26836590235728,2018-11-01
"1536","42",2018,12,7.98584949667274,2018-12-01
"1537","42",2019,1,9.65650437078304,2019-01-01
"1538","42",2019,2,8.39715724790145,2019-02-01
"1539","42",2019,3,8.92196535007275,2019-03-01
"1540","42",2019,4,6.0550090876103,2019-04-01
"1541","42",2019,5,5.96229017110688,2019-05-01
"1542","42",2019,6,5.06166785996935,2019-06-01
"1543","42",2019,7,6.63701079165306,2019-07-01
"1544","42",2019,8,5.99530594114215,2019-08-01
"1545","42",2019,9,5.37758312844651,2019-09-01
"1546","42",2019,10,9.15871573759836,2019-10-01
"1547","42",2019,11,10.8075441920536,2019-11-01
"1548","42",2019,12,8.35319298525585,2019-12-01
"1549","42",2020,1,7.513281371393,2020-01-01
"1550","42",2020,2,8.06033844161781,2020-02-01
"1551","42",2020,3,7.36241662826105,2020-03-01
"1552","42",2020,4,6.07771324487608,2020-04-01
"1553","42",2020,5,6.28802738005416,2020-05-01
"1554","42",2020,6,6.20356116743579,2020-06-01
"1555","42",2020,7,6.63093643695136,2020-07-01
"1556","42",2020,8,6.76711162086716,2020-08-01
"1557","42",2020,9,10.9502732472372,2020-09-01
"1558","42",2020,10,8.27110350282248,2020-10-01
"1559","42",2020,11,7.82853743294509,2020-11-01
"1560","42",2020,12,8.31166521408671,2020-12-01
"1561","42",2021,1,8.75171173200346,2021-01-01
"1562","42",2021,2,8.50197525521406,2021-02-01
"1563","42",2021,3,7.70063769256567,2021-03-01
"1564","42",2021,4,6.21189854773225,2021-04-01
"1565","42",2021,5,6.01789698354814,2021-05-01
"1566","42",2021,6,5.67320533822558,2021-06-01
"1567","42",2021,7,6.53031661764343,2021-07-01
"1568","42",2021,8,8.92069913611452,2021-08-01
"1569","42",2021,9,6.65242769297737,2021-09-01
"1570","42",2021,10,8.52105092077465,2021-10-01
"1571","42",2021,11,9.15395171467702,2021-11-01
"1572","42",2021,12,8.75849258889115,2021-12-01
"1573","42",2022,1,8.75171173200346,2022-01-01
"1574","42",2022,2,8.50197525521406,2022-02-01
"1575","42",2022,3,7.70063769256567,2022-03-01
"1576","42",2022,4,6.21189854773225,2022-04-01
"1577","42",2022,5,6.01789698354814,2022-05-01
"1578","42",2022,6,5.67320533822558,2022-06-01
"1579","42",2022,7,6.53031661764343,2022-07-01
"1580","42",2022,8,8.92069913611452,2022-08-01
"1581","42",2022,9,6.65242769297737,2022-09-01
"1582","42",2022,10,8.52105092077465,2022-10-01
"1583","42",2022,11,9.15395171467702,2022-11-01
"1584","42",2022,12,8.75849258889115,2022-12-01
"1585","43",2012,1,7.61092915210004,2012-01-01
"1586","43",2012,2,9.87926117975423,2012-02-01
"1587","43",2012,3,10.4734953503678,2012-03-01
"1588","43",2012,4,10.0037235589622,2012-04-01
"1589","43",2012,5,13.0523494337901,2012-05-01
"1590","43",2012,6,11.8458068792943,2012-06-01
"1591","43",2012,7,12.0360758506633,2012-07-01
"1592","43",2012,8,13.3482302939694,2012-08-01
"1593","43",2012,9,10.7603252581942,2012-09-01
"1594","43",2012,10,10.9132291466785,2012-10-01
"1595","43",2012,11,10.8238048483044,2012-11-01
"1596","43",2012,12,10.153966576469,2012-12-01
"1597","43",2013,1,9.27101519292699,2013-01-01
"1598","43",2013,2,8.59113427880584,2013-02-01
"1599","43",2013,3,7.72919042201696,2013-03-01
"1600","43",2013,4,5.76360920619901,2013-04-01
"1601","43",2013,5,6.06248598839665,2013-05-01
"1602","43",2013,6,5.6449475486832,2013-06-01
"1603","43",2013,7,5.20088962760797,2013-07-01
"1604","43",2013,8,5.75663668719645,2013-08-01
"1605","43",2013,9,6.98986244800932,2013-09-01
"1606","43",2013,10,11.7594759832928,2013-10-01
"1607","43",2013,11,9.34227074766968,2013-11-01
"1608","43",2013,12,8.80265546027233,2013-12-01
"1609","43",2014,1,9.97615501554952,2014-01-01
"1610","43",2014,2,10.2754233612408,2014-02-01
"1611","43",2014,3,7.33751228333536,2014-03-01
"1612","43",2014,4,6.27980530719804,2014-04-01
"1613","43",2014,5,6.00546529847665,2014-05-01
"1614","43",2014,6,5.38920322791341,2014-06-01
"1615","43",2014,7,5.55683824657951,2014-07-01
"1616","43",2014,8,6.4541335195071,2014-08-01
"1617","43",2014,9,5.47594820629718,2014-09-01
"1618","43",2014,10,7.15658016803549,2014-10-01
"1619","43",2014,11,14.3135051612513,2014-11-01
"1620","43",2014,12,12.818980019605,2014-12-01
"1621","43",2015,1,8.92467669913218,2015-01-01
"1622","43",2015,2,10.1333717458088,2015-02-01
"1623","43",2015,3,8.6300672625075,2015-03-01
"1624","43",2015,4,6.25138319570012,2015-04-01
"1625","43",2015,5,5.77143486132657,2015-05-01
"1626","43",2015,6,5.19195230976719,2015-06-01
"1627","43",2015,7,9.68083478939544,2015-07-01
"1628","43",2015,8,5.3097217563393,2015-08-01
"1629","43",2015,9,5.60261730786438,2015-09-01
"1630","43",2015,10,8.53736753339102,2015-10-01
"1631","43",2015,11,11.2549500169733,2015-11-01
"1632","43",2015,12,7.61614148062997,2015-12-01
"1633","43",2016,1,8.94187972583252,2016-01-01
"1634","43",2016,2,8.59411088126955,2016-02-01
"1635","43",2016,3,7.54034417746391,2016-03-01
"1636","43",2016,4,6.50539135442338,2016-04-01
"1637","43",2016,5,5.17987708872569,2016-05-01
"1638","43",2016,6,5.42013751253918,2016-06-01
"1639","43",2016,7,5.47602904853876,2016-07-01
"1640","43",2016,8,5.24606044710624,2016-08-01
"1641","43",2016,9,5.87991823954393,2016-09-01
"1642","43",2016,10,7.69254097060363,2016-10-01
"1643","43",2016,11,7.07469166853719,2016-11-01
"1644","43",2016,12,7.82492975324813,2016-12-01
"1645","43",2017,1,8.58712817759762,2017-01-01
"1646","43",2017,2,9.02178455632896,2017-02-01
"1647","43",2017,3,7.06068369640089,2017-03-01
"1648","43",2017,4,6.03871259561011,2017-04-01
"1649","43",2017,5,5.64754528087903,2017-05-01
"1650","43",2017,6,5.35981508887589,2017-06-01
"1651","43",2017,7,5.44015918443509,2017-07-01
"1652","43",2017,8,15.2949405931467,2017-08-01
"1653","43",2017,9,7.0521681602935,2017-09-01
"1654","43",2017,10,10.0285204800351,2017-10-01
"1655","43",2017,11,10.1436412452555,2017-11-01
"1656","43",2017,12,15.5509276876738,2017-12-01
"1657","43",2018,1,8.36014968534238,2018-01-01
"1658","43",2018,2,8.48916021014467,2018-02-01
"1659","43",2018,3,8.66280041083208,2018-03-01
"1660","43",2018,4,6.34750931493145,2018-04-01
"1661","43",2018,5,5.53127292459753,2018-05-01
"1662","43",2018,6,5.89577222109122,2018-06-01
"1663","43",2018,7,6.32996456760901,2018-07-01
"1664","43",2018,8,19.469134268359,2018-08-01
"1665","43",2018,9,6.43797951786508,2018-09-01
"1666","43",2018,10,10.4279278582283,2018-10-01
"1667","43",2018,11,9.49766508048157,2018-11-01
"1668","43",2018,12,8.46656064999753,2018-12-01
"1669","43",2019,1,9.17444233767217,2019-01-01
"1670","43",2019,2,8.65839643593308,2019-02-01
"1671","43",2019,3,8.91828898618963,2019-03-01
"1672","43",2019,4,5.53716126621722,2019-04-01
"1673","43",2019,5,5.76612864311968,2019-05-01
"1674","43",2019,6,4.99700863296105,2019-06-01
"1675","43",2019,7,6.53985367932181,2019-07-01
"1676","43",2019,8,5.9590831541038,2019-08-01
"1677","43",2019,9,5.4404579916756,2019-09-01
"1678","43",2019,10,9.09110770120785,2019-10-01
"1679","43",2019,11,10.4140294223095,2019-11-01
"1680","43",2019,12,8.83264066902472,2019-12-01
"1681","43",2020,1,7.59505639620804,2020-01-01
"1682","43",2020,2,8.12643160034017,2020-02-01
"1683","43",2020,3,7.46703086396334,2020-03-01
"1684","43",2020,4,6.15399681837984,2020-04-01
"1685","43",2020,5,6.06254532980087,2020-05-01
"1686","43",2020,6,5.93557380196505,2020-06-01
"1687","43",2020,7,6.30705811458572,2020-07-01
"1688","43",2020,8,6.45932494466698,2020-08-01
"1689","43",2020,9,9.42035522605431,2020-09-01
"1690","43",2020,10,8.21497514340031,2020-10-01
"1691","43",2020,11,7.46016594976412,2020-11-01
"1692","43",2020,12,8.27229537746474,2020-12-01
"1693","43",2021,1,8.74632825995996,2021-01-01
"1694","43",2021,2,9.09908423722504,2021-02-01
"1695","43",2021,3,8.16126551016004,2021-03-01
"1696","43",2021,4,6.5709260258091,2021-04-01
"1697","43",2021,5,6.57144769976269,2021-05-01
"1698","43",2021,6,6.1467678116898,2021-06-01
"1699","43",2021,7,6.99978996028575,2021-07-01
"1700","43",2021,8,9.21566616593332,2021-08-01
"1701","43",2021,9,6.97372319225261,2021-09-01
"1702","43",2021,10,9.28426972140537,2021-10-01
"1703","43",2021,11,10.1303489705147,2021-11-01
"1704","43",2021,12,9.75727262493945,2021-12-01
"1705","43",2022,1,8.74632825995996,2022-01-01
"1706","43",2022,2,9.09908423722504,2022-02-01
"1707","43",2022,3,8.16126551016004,2022-03-01
"1708","43",2022,4,6.5709260258091,2022-04-01
"1709","43",2022,5,6.57144769976269,2022-05-01
"1710","43",2022,6,6.1467678116898,2022-06-01
"1711","43",2022,7,6.99978996028575,2022-07-01
"1712","43",2022,8,9.21566616593332,2022-08-01
"1713","43",2022,9,6.97372319225261,2022-09-01
"1714","43",2022,10,9.28426972140537,2022-10-01
"1715","43",2022,11,10.1303489705147,2022-11-01
"1716","43",2022,12,9.75727262493945,2022-12-01
"1717","51",2012,1,7.55186734840021,2012-01-01
"1718","51",2012,2,8.3673754142447,2012-02-01
"1719","51",2012,3,7.8257622010479,2012-03-01
"1720","51",2012,4,7.2078649127838,2012-04-01
"1721","51",2012,5,6.50650806398687,2012-05-01
"1722","51",2012,6,5.86575372099653,2012-06-01
"1723","51",2012,7,6.18587631943586,2012-07-01
"1724","51",2012,8,6.04114469682402,2012-08-01
"1725","51",2012,9,6.0246093203765,2012-09-01
"1726","51",2012,10,7.31345954514266,2012-10-01
"1727","51",2012,11,7.4040466962104,2012-11-01
"1728","51",2012,12,6.72044358786926,2012-12-01
"1729","51",2013,1,8.76755891015313,2013-01-01
"1730","51",2013,2,7.99446117732634,2013-02-01
"1731","51",2013,3,8.24446827644898,2013-03-01
"1732","51",2013,4,6.80839429906286,2013-04-01
"1733","51",2013,5,6.196416946688,2013-05-01
"1734","51",2013,6,6.24147345158273,2013-06-01
"1735","51",2013,7,5.62267070093736,2013-07-01
"1736","51",2013,8,5.98319958638072,2013-08-01
"1737","51",2013,9,6.63309246797172,2013-09-01
"1738","51",2013,10,9.06458216588008,2013-10-01
"1739","51",2013,11,8.67108966536743,2013-11-01
"1740","51",2013,12,8.77252748426857,2013-12-01
"1741","51",2014,1,8.89366979050273,2014-01-01
"1742","51",2014,2,7.69360002590898,2014-02-01
"1743","51",2014,3,7.00022815420663,2014-03-01
"1744","51",2014,4,6.65212116787709,2014-04-01
"1745","51",2014,5,5.88041820623601,2014-05-01
"1746","51",2014,6,5.4397856122237,2014-06-01
"1747","51",2014,7,5.76588489416109,2014-07-01
"1748","51",2014,8,6.08691586287933,2014-08-01
"1749","51",2014,9,6.10438550618371,2014-09-01
"1750","51",2014,10,7.40513178646488,2014-10-01
"1751","51",2014,11,9.63569811843118,2014-11-01
"1752","51",2014,12,9.01477607590858,2014-12-01
"1753","51",2015,1,7.74628147268638,2015-01-01
"1754","51",2015,2,8.44548486876208,2015-02-01
"1755","51",2015,3,7.58405493456919,2015-03-01
"1756","51",2015,4,6.55143748431735,2015-04-01
"1757","51",2015,5,7.3425115000731,2015-05-01
"1758","51",2015,6,5.88673280663304,2015-06-01
"1759","51",2015,7,6.14442257595724,2015-07-01
"1760","51",2015,8,5.59232170114053,2015-08-01
"1761","51",2015,9,6.49047153580919,2015-09-01
"1762","51",2015,10,8.1208654003772,2015-10-01
"1763","51",2015,11,8.7109304965614,2015-11-01
"1764","51",2015,12,8.52621274204477,2015-12-01
"1765","51",2016,1,8.30583910394504,2016-01-01
"1766","51",2016,2,7.90444554375505,2016-02-01
"1767","51",2016,3,7.80673671448691,2016-03-01
"1768","51",2016,4,6.25360700017171,2016-04-01
"1769","51",2016,5,5.93039240333914,2016-05-01
"1770","51",2016,6,5.69756354031621,2016-06-01
"1771","51",2016,7,5.65337603492345,2016-07-01
"1772","51",2016,8,5.8411210900387,2016-08-01
"1773","51",2016,9,6.01308249286648,2016-09-01
"1774","51",2016,10,8.10289384837118,2016-10-01
"1775","51",2016,11,7.98417551094802,2016-11-01
"1776","51",2016,12,8.22674121959715,2016-12-01
"1777","51",2017,1,8.10460029887422,2017-01-01
"1778","51",2017,2,7.7988292958159,2017-02-01
"1779","51",2017,3,7.43750707519711,2017-03-01
"1780","51",2017,4,6.67888718019385,2017-04-01
"1781","51",2017,5,6.1899780653057,2017-05-01
"1782","51",2017,6,6.2143051989867,2017-06-01
"1783","51",2017,7,5.90461832732925,2017-07-01
"1784","51",2017,8,7.40447161471785,2017-08-01
"1785","51",2017,9,6.91108531879569,2017-09-01
"1786","51",2017,10,8.5062533542257,2017-10-01
"1787","51",2017,11,8.56290590589811,2017-11-01
"1788","51",2017,12,8.77812388359335,2017-12-01
"1789","51",2018,1,7.88367160074707,2018-01-01
"1790","51",2018,2,8.53101591883438,2018-02-01
"1791","51",2018,3,7.98082259919167,2018-03-01
"1792","51",2018,4,6.89698540214559,2018-04-01
"1793","51",2018,5,6.24946290325854,2018-05-01
"1794","51",2018,6,5.86904476462434,2018-06-01
"1795","51",2018,7,7.16412654944011,2018-07-01
"1796","51",2018,8,10.2982917248877,2018-08-01
"1797","51",2018,9,6.42742643142848,2018-09-01
"1798","51",2018,10,9.00568996946936,2018-10-01
"1799","51",2018,11,8.88893184444131,2018-11-01
"1800","51",2018,12,8.46711366299107,2018-12-01
"1801","51",2019,1,8.02788891403031,2019-01-01
"1802","51",2019,2,8.24649226492536,2019-02-01
"1803","51",2019,3,8.3341585775218,2019-03-01
"1804","51",2019,4,6.41406793592351,2019-04-01
"1805","51",2019,5,7.18943126658539,2019-05-01
"1806","51",2019,6,5.80177132358685,2019-06-01
"1807","51",2019,7,8.53175237361492,2019-07-01
"1808","51",2019,8,6.68987912035868,2019-08-01
"1809","51",2019,9,7.01821594870569,2019-09-01
"1810","51",2019,10,8.94698864322818,2019-10-01
"1811","51",2019,11,8.40522659708844,2019-11-01
"1812","51",2019,12,8.9720533764129,2019-12-01
"1813","51",2020,1,7.75951890070384,2020-01-01
"1814","51",2020,2,8.56739452340142,2020-02-01
"1815","51",2020,3,7.81722256911991,2020-03-01
"1816","51",2020,4,7.18140281971215,2020-04-01
"1817","51",2020,5,6.11109979700807,2020-05-01
"1818","51",2020,6,5.85690038543883,2020-06-01
"1819","51",2020,7,5.94307643066221,2020-07-01
"1820","51",2020,8,6.16411666420107,2020-08-01
"1821","51",2020,9,7.43392540332953,2020-09-01
"1822","51",2020,10,7.71787678156735,2020-10-01
"1823","51",2020,11,7.86164294997755,2020-11-01
"1824","51",2020,12,7.99811143914369,2020-12-01
"1825","51",2021,1,8.0973740420722,2021-01-01
"1826","51",2021,2,8.18648960839651,2021-02-01
"1827","51",2021,3,7.79763069468821,2021-03-01
"1828","51",2021,4,6.74191168800212,2021-04-01
"1829","51",2021,5,6.38635869695521,2021-05-01
"1830","51",2021,6,5.91834444471517,2021-06-01
"1831","51",2021,7,6.25591305485074,2021-07-01
"1832","51",2021,8,6.72991006260467,2021-08-01
"1833","51",2021,9,6.5439411205546,2021-09-01
"1834","51",2021,10,8.20936077690588,2021-10-01
"1835","51",2021,11,8.46948383009427,2021-11-01
"1836","51",2021,12,8.39688767410727,2021-12-01
"1837","51",2022,1,8.0973740420722,2022-01-01
"1838","51",2022,2,8.18648960839651,2022-02-01
"1839","51",2022,3,7.79763069468821,2022-03-01
"1840","51",2022,4,6.74191168800212,2022-04-01
"1841","51",2022,5,6.38635869695521,2022-05-01
"1842","51",2022,6,5.91834444471517,2022-06-01
"1843","51",2022,7,6.25591305485074,2022-07-01
"1844","51",2022,8,6.72991006260467,2022-08-01
"1845","51",2022,9,6.5439411205546,2022-09-01
"1846","51",2022,10,8.20936077690588,2022-10-01
"1847","51",2022,11,8.46948383009427,2022-11-01
"1848","51",2022,12,8.39688767410727,2022-12-01
"1849","52",2012,1,7.45360059287015,2012-01-01
"1850","52",2012,2,8.29174963958804,2012-02-01
"1851","52",2012,3,7.27420821534249,2012-03-01
"1852","52",2012,4,5.95938187131751,2012-04-01
"1853","52",2012,5,5.69426763503565,2012-05-01
"1854","52",2012,6,5.18878136460528,2012-06-01
"1855","52",2012,7,8.76369147180015,2012-07-01
"1856","52",2012,8,7.09971586554876,2012-08-01
"1857","52",2012,9,8.40866307033586,2012-09-01
"1858","52",2012,10,7.23618620721962,2012-10-01
"1859","52",2012,11,9.51088350878629,2012-11-01
"1860","52",2012,12,7.26531609588319,2012-12-01
"1861","52",2013,1,8.61141911281326,2013-01-01
"1862","52",2013,2,8.16276392708956,2013-02-01
"1863","52",2013,3,8.01067696307579,2013-03-01
"1864","52",2013,4,6.0920521217111,2013-04-01
"1865","52",2013,5,6.12369661265829,2013-05-01
"1866","52",2013,6,5.36755996681211,2013-06-01
"1867","52",2013,7,6.35841590675149,2013-07-01
"1868","52",2013,8,7.3138079487073,2013-08-01
"1869","52",2013,9,7.20490577560048,2013-09-01
"1870","52",2013,10,10.5331026474727,2013-10-01
"1871","52",2013,11,7.81543601709256,2013-11-01
"1872","52",2013,12,6.65212042054671,2013-12-01
"1873","52",2014,1,8.51151289214474,2014-01-01
"1874","52",2014,2,8.81155284983569,2014-02-01
"1875","52",2014,3,7.44846810233525,2014-03-01
"1876","52",2014,4,6.41881842261584,2014-04-01
"1877","52",2014,5,6.28127019006844,2014-05-01
"1878","52",2014,6,5.58113138557348,2014-06-01
"1879","52",2014,7,12.331849141384,2014-07-01
"1880","52",2014,8,15.9024468043993,2014-08-01
"1881","52",2014,9,8.21308006997276,2014-09-01
"1882","52",2014,10,6.63687934333147,2014-10-01
"1883","52",2014,11,12.1185594817703,2014-11-01
"1884","52",2014,12,9.14314129909685,2014-12-01
"1885","52",2015,1,8.36116352418001,2015-01-01
"1886","52",2015,2,8.4113627077576,2015-02-01
"1887","52",2015,3,7.32364931136908,2015-03-01
"1888","52",2015,4,6.23962888699092,2015-04-01
"1889","52",2015,5,9.15700942409623,2015-05-01
"1890","52",2015,6,7.24740619170644,2015-06-01
"1891","52",2015,7,7.77305516605722,2015-07-01
"1892","52",2015,8,6.15879061458825,2015-08-01
"1893","52",2015,9,6.50322594701788,2015-09-01
"1894","52",2015,10,9.10390457073358,2015-10-01
"1895","52",2015,11,10.2263467770091,2015-11-01
"1896","52",2015,12,8.57718695840867,2015-12-01
"1897","52",2016,1,8.82574398263506,2016-01-01
"1898","52",2016,2,8.05080297798694,2016-02-01
"1899","52",2016,3,8.31826279500342,2016-03-01
"1900","52",2016,4,7.65491183356333,2016-04-01
"1901","52",2016,5,6.94625398972213,2016-05-01
"1902","52",2016,6,6.3479728597889,2016-06-01
"1903","52",2016,7,6.08409114254464,2016-07-01
"1904","52",2016,8,6.37420971722265,2016-08-01
"1905","52",2016,9,7.06888027804286,2016-09-01
"1906","52",2016,10,8.97217070510719,2016-10-01
"1907","52",2016,11,8.70531741732948,2016-11-01
"1908","52",2016,12,9.17901581462813,2016-12-01
"1909","52",2017,1,8.03032718149926,2017-01-01
"1910","52",2017,2,8.04418896046866,2017-02-01
"1911","52",2017,3,6.87134222789034,2017-03-01
"1912","52",2017,4,6.10050148464247,2017-04-01
"1913","52",2017,5,7.09805394201045,2017-05-01
"1914","52",2017,6,7.05270483598215,2017-06-01
"1915","52",2017,7,18.274997265531,2017-07-01
"1916","52",2017,8,31.9273223567126,2017-08-01
"1917","52",2017,9,8.94003522176935,2017-09-01
"1918","52",2017,10,9.22500708260991,2017-10-01
"1919","52",2017,11,11.2678178535103,2017-11-01
"1920","52",2017,12,10.9319143531249,2017-12-01
"1921","52",2018,1,8.40968706531511,2018-01-01
"1922","52",2018,2,8.07854102495671,2018-02-01
"1923","52",2018,3,8.00622456343442,2018-03-01
"1924","52",2018,4,7.29326149684983,2018-04-01
"1925","52",2018,5,8.21525848545384,2018-05-01
"1926","52",2018,6,8.23428020940293,2018-06-01
"1927","52",2018,7,11.2475181876764,2018-07-01
"1928","52",2018,8,76.3495131767535,2018-08-01
"1929","52",2018,9,11.2862968339144,2018-09-01
"1930","52",2018,10,12.2416443941002,2018-10-01
"1931","52",2018,11,12.225347300302,2018-11-01
"1932","52",2018,12,8.74828373148914,2018-12-01
"1933","52",2019,1,8.55033086035035,2019-01-01
"1934","52",2019,2,8.45468839347305,2019-02-01
"1935","52",2019,3,8.55257073757902,2019-03-01
"1936","52",2019,4,6.21998269935269,2019-04-01
"1937","52",2019,5,9.47578639191746,2019-05-01
"1938","52",2019,6,6.69379214006684,2019-06-01
"1939","52",2019,7,9.00007296915165,2019-07-01
"1940","52",2019,8,7.30683103296628,2019-08-01
"1941","52",2019,9,6.852399762098,2019-09-01
"1942","52",2019,10,8.91520108757072,2019-10-01
"1943","52",2019,11,9.14450853183489,2019-11-01
"1944","52",2019,12,8.70478495580522,2019-12-01
"1945","52",2020,1,7.92332918926218,2020-01-01
"1946","52",2020,2,7.94533539506414,2020-02-01
"1947","52",2020,3,7.73125538377386,2020-03-01
"1948","52",2020,4,6.32941836921299,2020-04-01
"1949","52",2020,5,5.66248960610514,2020-05-01
"1950","52",2020,6,5.67706026338641,2020-06-01
"1951","52",2020,7,6.00901201864481,2020-07-01
"1952","52",2020,8,6.8653552600449,2020-08-01
"1953","52",2020,9,9.96463770598466,2020-09-01
"1954","52",2020,10,8.10811580425594,2020-10-01
"1955","52",2020,11,8.0317396617115,2020-11-01
"1956","52",2020,12,8.65060901841417,2020-12-01
"1957","52",2021,1,8.30209749303091,2021-01-01
"1958","52",2021,2,8.23355651164194,2021-02-01
"1959","52",2021,3,7.73599942734915,2021-03-01
"1960","52",2021,4,6.50160151925461,2021-04-01
"1961","52",2021,5,7.10387182700117,2021-05-01
"1962","52",2021,6,6.47312557124132,2021-06-01
"1963","52",2021,7,9.55938535018781,2021-07-01
"1964","52",2021,8,18.3745426116084,2021-08-01
"1965","52",2021,9,8.17976691149867,2021-09-01
"1966","52",2021,10,8.99394501159105,2021-10-01
"1967","52",2021,11,9.82605780671117,2021-11-01
"1968","52",2021,12,8.73415217992371,2021-12-01
"1969","52",2022,1,8.30209749303091,2022-01-01
"1970","52",2022,2,8.23355651164194,2022-02-01
"1971","52",2022,3,7.73599942734915,2022-03-01
"1972","52",2022,4,6.50160151925461,2022-04-01
"1973","52",2022,5,7.10387182700117,2022-05-01
"1974","52",2022,6,6.47312557124132,2022-06-01
"1975","52",2022,7,9.55938535018781,2022-07-01
"1976","52",2022,8,18.3745426116084,2022-08-01
"1977","52",2022,9,8.17976691149867,2022-09-01
"1978","52",2022,10,8.99394501159105,2022-10-01
"1979","52",2022,11,9.82605780671117,2022-11-01
"1980","52",2022,12,8.73415217992371,2022-12-01
"1981","53",2012,1,7.77749300178707,2012-01-01
"1982","53",2012,2,8.27953161957355,2012-02-01
"1983","53",2012,3,7.87556975817526,2012-03-01
"1984","53",2012,4,6.12577498168622,2012-04-01
"1985","53",2012,5,7.00611292528864,2012-05-01
"1986","53",2012,6,6.09425699423476,2012-06-01
"1987","53",2012,7,9.6013610723756,2012-07-01
"1988","53",2012,8,7.90848182998153,2012-08-01
"1989","53",2012,9,6.67674866224589,2012-09-01
"1990","53",2012,10,7.90842828755392,2012-10-01
"1991","53",2012,11,9.56947519497872,2012-11-01
"1992","53",2012,12,8.22881253568251,2012-12-01
"1993","53",2013,1,8.3312982254378,2013-01-01
"1994","53",2013,2,8.1792153275448,2013-02-01
"1995","53",2013,3,7.9361876212896,2013-03-01
"1996","53",2013,4,6.13396177211212,2013-04-01
"1997","53",2013,5,6.44764319093968,2013-05-01
"1998","53",2013,6,6.702864426286,2013-06-01
"1999","53",2013,7,7.22697485817569,2013-07-01
"2000","53",2013,8,6.64357311566514,2013-08-01
"2001","53",2013,9,6.10743570896385,2013-09-01
"2002","53",2013,10,7.25126395476642,2013-10-01
"2003","53",2013,11,9.33507844637185,2013-11-01
"2004","53",2013,12,7.71140342544096,2013-12-01
"2005","53",2014,1,8.31663790299775,2014-01-01
"2006","53",2014,2,8.2407220232817,2014-02-01
"2007","53",2014,3,7.39598107816208,2014-03-01
"2008","53",2014,4,6.49055998815786,2014-04-01
"2009","53",2014,5,6.24118777225654,2014-05-01
"2010","53",2014,6,6.21385419896922,2014-06-01
"2011","53",2014,7,13.5783733013507,2014-07-01
"2012","53",2014,8,18.7982765926108,2014-08-01
"2013","53",2014,9,6.07130207178407,2014-09-01
"2014","53",2014,10,7.32276212917854,2014-10-01
"2015","53",2014,11,9.80061596023811,2014-11-01
"2016","53",2014,12,9.94512375542631,2014-12-01
"2017","53",2015,1,8.49794260410817,2015-01-01
"2018","53",2015,2,8.14009328456775,2015-02-01
"2019","53",2015,3,7.43169090273349,2015-03-01
"2020","53",2015,4,5.77940377323764,2015-04-01
"2021","53",2015,5,10.3319507726542,2015-05-01
"2022","53",2015,6,7.21030262310796,2015-06-01
"2023","53",2015,7,9.63743129247437,2015-07-01
"2024","53",2015,8,5.25615595962962,2015-08-01
"2025","53",2015,9,5.10347729172888,2015-09-01
"2026","53",2015,10,7.45418550912503,2015-10-01
"2027","53",2015,11,6.92992565857566,2015-11-01
"2028","53",2015,12,9.51703163916985,2015-12-01
"2029","53",2016,1,8.95872675403217,2016-01-01
"2030","53",2016,2,8.50322713981737,2016-02-01
"2031","53",2016,3,7.84107328943459,2016-03-01
"2032","53",2016,4,5.84428212772108,2016-04-01
"2033","53",2016,5,8.19423435172106,2016-05-01
"2034","53",2016,6,6.50142584323512,2016-06-01
"2035","53",2016,7,6.59041450363191,2016-07-01
"2036","53",2016,8,5.59074436678042,2016-08-01
"2037","53",2016,9,5.33361002950518,2016-09-01
"2038","53",2016,10,9.04455498603928,2016-10-01
"2039","53",2016,11,9.02383761369923,2016-11-01
"2040","53",2016,12,7.71889227705672,2016-12-01
"2041","53",2017,1,7.73772930151974,2017-01-01
"2042","53",2017,2,7.61686160111445,2017-02-01
"2043","53",2017,3,6.8655102041016,2017-03-01
"2044","53",2017,4,5.92167276188911,2017-04-01
"2045","53",2017,5,5.89855500710739,2017-05-01
"2046","53",2017,6,6.45716423509886,2017-06-01
"2047","53",2017,7,9.6619025015015,2017-07-01
"2048","53",2017,8,8.97073095852214,2017-08-01
"2049","53",2017,9,8.103340335044,2017-09-01
"2050","53",2017,10,6.32611489241583,2017-10-01
"2051","53",2017,11,8.71468888503302,2017-11-01
"2052","53",2017,12,7.03609103704146,2017-12-01
"2053","53",2018,1,8.90506553265558,2018-01-01
"2054","53",2018,2,7.42827574601051,2018-02-01
"2055","53",2018,3,8.07414223781564,2018-03-01
"2056","53",2018,4,7.34769335259245,2018-04-01
"2057","53",2018,5,7.93636559820214,2018-05-01
"2058","53",2018,6,7.6575441873304,2018-06-01
"2059","53",2018,7,7.96146808737032,2018-07-01
"2060","53",2018,8,34.5081493728796,2018-08-01
"2061","53",2018,9,6.26706000309809,2018-09-01
"2062","53",2018,10,7.30483929817611,2018-10-01
"2063","53",2018,11,9.0757675758655,2018-11-01
"2064","53",2018,12,6.42367762036129,2018-12-01
"2065","53",2019,1,7.6066305621635,2019-01-01
"2066","53",2019,2,8.0215435510663,2019-02-01
"2067","53",2019,3,8.17077716633353,2019-03-01
"2068","53",2019,4,5.07584807433693,2019-04-01
"2069","53",2019,5,13.2218255817617,2019-05-01
"2070","53",2019,6,6.44835828921207,2019-06-01
"2071","53",2019,7,9.57968937718079,2019-07-01
"2072","53",2019,8,6.97109473244879,2019-08-01
"2073","53",2019,9,6.36611185131014,2019-09-01
"2074","53",2019,10,7.55072215801994,2019-10-01
"2075","53",2019,11,8.15363637699948,2019-11-01
"2076","53",2019,12,8.86694932443389,2019-12-01
"2077","53",2020,1,9.01756063602228,2020-01-01
"2078","53",2020,2,7.73139415496333,2020-02-01
"2079","53",2020,3,7.25654717379961,2020-03-01
"2080","53",2020,4,6.03762803189196,2020-04-01
"2081","53",2020,5,5.84016486704017,2020-05-01
"2082","53",2020,6,6.13797166812788,2020-06-01
"2083","53",2020,7,6.15617236631539,2020-07-01
"2084","53",2020,8,7.08054745135127,2020-08-01
"2085","53",2020,9,7.90230134428217,2020-09-01
"2086","53",2020,10,7.41631189750257,2020-10-01
"2087","53",2020,11,8.37422791921402,2020-11-01
"2088","53",2020,12,8.17185250483552,2020-12-01
"2089","53",2021,1,8.37215144302565,2021-01-01
"2090","53",2021,2,7.99446867882247,2021-02-01
"2091","53",2021,3,7.64987909049315,2021-03-01
"2092","53",2021,4,6.12307722233636,2021-04-01
"2093","53",2021,5,7.59539202528981,2021-05-01
"2094","53",2021,6,6.89788222117743,2021-06-01
"2095","53",2021,7,9.01820323582469,2021-07-01
"2096","53",2021,8,11.1181979248984,2021-08-01
"2097","53",2021,9,6.5041812955568,2021-09-01
"2098","53",2021,10,7.45501007257241,2021-10-01
"2099","53",2021,11,8.75073031972986,2021-11-01
"2100","53",2021,12,8.23558005236742,2021-12-01
"2101","53",2022,1,8.37215144302565,2022-01-01
"2102","53",2022,2,7.99446867882247,2022-02-01
"2103","53",2022,3,7.64987909049315,2022-03-01
"2104","53",2022,4,6.12307722233636,2022-04-01
"2105","53",2022,5,7.59539202528981,2022-05-01
"2106","53",2022,6,6.89788222117743,2022-06-01
"2107","53",2022,7,9.01820323582469,2022-07-01
"2108","53",2022,8,11.1181979248984,2022-08-01
"2109","53",2022,9,6.5041812955568,2022-09-01
"2110","53",2022,10,7.45501007257241,2022-10-01
"2111","53",2022,11,8.75073031972986,2022-11-01
"2112","53",2022,12,8.23558005236742,2022-12-01
